 NumResultRows,No. of columns in output view,TableAccessCount,Joins,Sorting,Aggregation,Clause, TotalIOCount, AMPCPUTime, ParserCPUTime, MaxAMPCPUTime, MaxAmpIO, SpoolUsage, AMPCPUTimeNorm, ParserCPUTimeNorm, MaxAMPCPUTimeNorm,MaxCPUAmpNumberNorm, SeqRespTime, ReqIOKB, ReqPhysIO, ReqPhysIOKB
4,4,4,0,0,1,0,"17,501",8.064,0,4.044,"8,807","83,591,168",188.938,0,94.75,1,10.5,"2,161,962","10,717","1,350,270"
"11,620",4,3,0,1,1,1,"8,800",2.216,0,1.108,"4,437","8,056,320",51.92,0,25.96,1,5.47,"1,103,473","8,246","1,050,027"
4,4,4,0,0,1,0,"17,526",6.928,0,3.48,"8,782","83,591,168",162.322,0,81.536,1,9.73,"2,163,853","10,690","1,345,766"
"11,620",4,3,0,1,1,1,"8,792",2.22,0,1.12,"4,433","8,056,320",52.014,0,26.241,0,5.48,"1,103,224","8,247","1,050,285"
4,4,4,0,0,1,0,"17,506",7.404,0,3.764,"8,858","83,591,168",173.475,0,88.19,1,9.86,"2,160,435","10,713","1,347,420"
"11,620",4,3,0,1,1,1,"8,791",2.244,0,1.124,"4,432","8,056,320",52.576,0,26.335,0,5.52,"1,102,706","8,245","1,049,769"
4,4,4,0,0,1,0,"17,445",5.844,0,2.924,"8,772","83,591,168",136.924,0,68.509,1,8.81,"2,153,518","10,677","1,344,102"
"11,620",4,3,0,1,1,1,"8,863",2.26,0,1.136,"4,433","8,056,320",52.951,0,26.616,1,5.47,"1,102,965","8,246","1,050,027"
4,4,4,0,0,1,0,"17,539",5.856,0,2.94,"8,879","83,591,168",137.205,0,68.884,1,8.58,"2,167,252","10,727","1,351,303"
"11,620",4,3,0,1,1,1,"8,791",2.212,0,1.108,"4,432","8,056,320",51.826,0,25.96,0,5.5,"1,102,965","8,246","1,050,027"
4,4,4,0,0,1,0,"17,492",5.828,0,2.92,"8,844","83,591,168",136.549,0,68.415,1,8.53,"2,161,348","10,728","1,351,873"
"11,620",4,3,0,1,1,1,"8,863",2.296,0,1.152,"4,432","8,056,320",53.794,0,26.991,1,5.52,"1,102,965","8,246","1,050,027"
4,4,4,0,0,1,0,"17,533",5.884,0,2.948,"8,884","83,591,168",137.861,0,69.071,0,8.46,"2,166,298","10,727","1,351,477"
"11,620",4,3,0,1,1,1,"8,791",2.24,0,1.14,"4,430","8,056,320",52.483,0,26.71,0,5.52,"1,102,965","8,246","1,050,027"
4,4,4,0,0,1,0,"17,542",7.196,0.004,3.624,"8,822","83,591,168",168.601,0.093,84.91,1,9.74,"2,166,048","10,709","1,349,343"
"11,620",4,3,0,1,1,1,"8,791",2.248,0,1.132,"4,430","8,056,320",52.669,0,26.522,0,5.76,"1,102,965","8,246","1,050,027"
4,4,4,0,0,1,0,"17,543",7.8,0,3.928,"8,885","83,591,168",182.753,0,92.033,0,10.73,"2,167,329","10,733","1,352,096"
"11,620",4,3,0,1,1,1,"8,863",2.296,0.004,1.164,"4,432","8,056,320",53.794,0.093,27.272,0,5.54,"1,102,965","8,246","1,050,027"
4,4,4,0,0,1,0,"17,576",7.168,0,3.604,"8,921","83,591,168",167.945,0,84.441,1,9.75,"2,170,031","10,746","1,352,353"
"11,620",4,3,0,1,1,1,"8,792",2.228,0,1.128,"4,433","8,056,320",52.202,0,26.429,0,5.56,"1,102,965","8,246","1,050,027"
4,4,4,0,0,1,0,"17,570",6.484,0,3.268,"8,884","83,591,168",151.919,0,76.569,1,9.12,"2,171,448","10,735","1,352,463"
5,2,1,0,1,0,1,"8,262",1.732,0.044,0.88,"4,132","1,683,456",40.58,1.03,20.618,0,5.55,"1,031,404","8,017","1,014,962"
4,4,4,0,0,1,0,"17,542",5.764,0,2.908,"8,824","83,591,168",135.05,0,68.134,1,8.51,"2,165,982","10,710","1,349,343"
5,2,1,0,1,0,1,"8,200",1.728,0.04,0.88,"4,102","1,683,456",40.486,0.937,20.618,0,5.49,"1,031,404","7,985","1,013,938"
4,4,4,0,0,1,0,"17,609",6.164,0,3.104,"8,862","83,591,168",144.421,0,72.726,0,8.75,"2,174,413","10,742","1,351,542"
5,2,1,0,1,0,1,"8,234",1.716,0,0.88,"4,132","1,683,456",40.205,0,20.618,0,5.56,"1,031,404","7,985","1,013,938"
460,8,5,0,0,0,1,"1,408",0.18,0,0.092,741,"583,680",4.216,0,2.155,1,0.46,"129,067",828,"99,744"
5,2,1,0,1,0,1,"8,262",1.748,0,0.9,"4,132","1,683,456",40.955,0,21.087,0,5.47,"1,031,404","7,985","1,013,938"
460,8,5,0,0,0,1,"1,409",0.164,0,0.088,742,"583,680",3.841,0,2.061,1,0.41,"129,158",834,"99,935"
5,2,1,0,1,0,1,"8,234",1.776,0,0.9,"4,132","1,683,456",41.611,0,21.087,0,5.5,"1,031,404","7,985","1,013,938"
460,8,5,0,0,0,1,"1,409",0.168,0,0.096,742,"583,680",3.935,0,2.249,1,0.44,"129,158",826,"99,619"
5,2,1,0,1,0,1,"8,262",1.688,0,0.852,"4,132","1,683,456",39.549,0,19.962,0,5.48,"1,031,404","7,985","1,013,938"
460,8,5,0,0,0,1,"1,409",0.176,0,0.092,742,"583,680",4.123,0,2.155,1,0.44,"129,158",824,"99,617"
5,2,1,0,1,0,1,"8,200",1.736,0,0.896,"4,102","1,683,456",40.674,0,20.993,0,5.48,"1,031,404","7,985","1,013,938"
460,8,5,0,0,0,1,"1,409",0.16,0,0.084,742,"583,680",3.748,0,1.968,1,0.43,"129,158",832,"99,933"
5,2,1,0,1,0,1,"8,262",1.732,0,0.888,"4,132","1,683,456",40.579,0,20.805,0,5.46,"1,031,404","7,985","1,013,938"
460,8,5,0,0,0,1,"1,409",0.168,0,0.084,742,"583,680",3.936,0,1.968,1,0.52,"129,158",826,"99,619"
5,2,1,0,1,0,1,"8,200",1.712,0,0.876,"4,130","1,683,456",40.111,0,20.524,0,5.49,"1,031,404","7,985","1,013,938"
460,8,5,0,0,0,1,"1,409",0.164,0,0.084,706,"583,680",3.842,0,1.968,1,0.44,"129,158",826,"99,619"
5,2,1,0,1,0,1,"8,200",1.72,0,0.872,"4,130","1,683,456",40.298,0,20.43,0,5.49,"1,031,404","7,985","1,013,938"
460,8,5,0,0,0,1,"1,407",0.168,0,0.084,706,"583,680",3.936,0,1.968,1,0.43,"129,135",834,"99,955"
5,2,1,0,1,0,1,"8,200",1.7,0,0.868,"4,130","1,683,456",39.83,0,20.337,0,5.59,"1,031,404","7,985","1,013,938"
460,8,5,0,0,0,1,"1,407",0.18,0,0.092,742,"583,680",4.216,0,2.155,1,0.42,"129,136",832,"99,829"
5,2,1,0,1,0,1,"8,200",1.708,0,0.876,"4,102","1,683,456",40.017,0,20.524,0,5.46,"1,031,404","7,985","1,013,938"
460,8,5,0,0,0,1,"1,409",0.164,0,0.088,742,"583,680",3.841,0,2.061,1,0.43,"129,158",826,"99,619"
460,8,5,0,0,0,1,"1,409",0.192,0,0.108,742,"583,680",4.498,0,2.53,1,0.61,"129,158",826,"99,619"
460,8,5,0,0,0,1,"1,409",0.172,0,0.088,706,"583,680",4.029,0,2.061,1,0.42,"129,158",829,"99,776"
460,8,5,0,0,0,1,"1,409",0.192,0,0.1,742,"583,680",4.498,0,2.343,1,0.54,"129,158",826,"99,619"
460,8,5,0,0,0,1,"1,409",0.16,0,0.08,742,"583,680",3.748,0,1.874,1,0.44,"129,158",829,"99,776"
460,8,5,0,0,0,1,"1,405",0.168,0,0.092,740,"583,680",3.935,0,2.155,1,0.52,"128,992",837,"99,957"
460,8,5,0,0,0,1,"1,409",0.172,0,0.096,742,"583,680",4.029,0,2.249,1,0.44,"129,158",829,"99,776"
460,8,5,0,0,0,1,"1,409",0.176,0,0.092,742,"583,680",4.123,0,2.155,1,0.55,"129,158",823,"99,617"
460,8,5,0,0,0,1,"1,409",0.16,0,0.08,706,"583,680",3.748,0,1.874,1,0.41,"129,158",829,"99,776"
460,8,5,0,0,0,1,"1,409",0.172,0,0.088,706,"583,680",4.029,0,2.061,1,0.53,"129,158",824,"99,741"
460,8,5,0,0,0,1,"1,409",0.164,0.004,0.084,742,"583,680",3.842,0.093,1.968,1,0.43,"129,158",826,"99,619"
460,8,5,0,0,0,1,"1,409",1.052,0,0.956,706,"583,680",24.648,0,22.399,1,1.41,"129,158",829,"99,776"
460,8,5,0,0,0,1,"1,409",0.176,0.004,0.092,742,"583,680",4.123,0.093,2.155,1,0.44,"129,158",826,"99,619"
460,8,5,0,0,0,1,"1,448",0.168,0,0.088,742,"583,680",3.935,0,2.061,1,0.53,"129,158",828,"99,744"
460,8,5,0,0,0,1,"1,407",0.168,0,0.084,706,"583,680",3.936,0,1.968,1,0.47,"129,135",835,"100,082"
460,8,5,0,0,0,1,"1,407",0.164,0,0.084,740,"583,680",3.842,0,1.968,1,0.52,"129,135",831,"99,798"
460,8,5,0,0,0,1,"1,409",0.168,0,0.092,742,"583,680",3.935,0,2.155,1,0.43,"129,158",826,"99,619"
460,8,5,0,0,0,1,"1,407",0.18,0.004,0.096,742,"583,680",4.217,0.093,2.249,1,0.56,"129,136",832,"99,924"
"11,620",4,3,0,1,1,1,"8,791",2.252,0.056,1.128,"4,432","8,056,320",52.764,1.312,26.429,1,5.54,"1,103,210","8,299","1,052,005"
460,8,5,0,0,0,1,"1,409",0.172,0,0.088,706,"583,680",4.029,0,2.061,1,0.61,"129,158",820,"99,460"
"11,620",4,3,0,1,1,1,"8,791",2.216,0.064,1.116,"4,432","8,056,320",51.92,1.499,26.147,0,5.49,"1,103,210","8,245","1,050,277"
460,8,5,0,0,0,1,"1,409",0.172,0,0.088,742,"583,680",4.029,0,2.061,1,0.51,"129,158",826,"99,619"
"11,620",4,3,0,1,1,1,"8,791",2.216,0,1.136,"4,430","8,056,320",51.92,0,26.616,0,5.55,"1,102,958","8,245","1,050,023"
460,8,5,0,0,0,1,"1,409",0.168,0,0.092,742,"583,680",3.935,0,2.155,1,0.52,"129,158",825,"99,773"
"11,620",4,3,0,1,1,1,"8,791",2.244,0,1.128,"4,432","8,056,320",52.576,0,26.429,0,5.56,"1,102,706","8,245","1,049,769"
460,8,5,0,0,0,1,"1,409",0.168,0.004,0.088,706,"583,680",3.935,0.093,2.061,0,0.52,"129,158",829,"99,776"
"11,620",4,3,0,1,1,1,"8,792",2.224,0,1.116,"4,433","8,056,320",52.107,0,26.147,0,5.53,"1,103,217","8,246","1,050,281"
460,8,5,0,0,0,1,"1,409",0.172,0,0.096,742,"583,680",4.029,0,2.249,1,0.52,"129,158",826,"99,619"
"11,620",4,3,0,1,1,1,"8,791",2.404,0,1.204,"4,430","8,056,320",56.325,0,28.209,1,5.64,"1,102,958","8,245","1,050,023"
460,8,5,0,0,0,1,"1,409",0.164,0,0.088,742,"583,680",3.841,0,2.061,1,0.52,"129,158",830,"99,777"
"11,620",4,3,0,1,1,1,"8,792",2.248,0,1.156,"4,431","8,056,320",52.67,0,27.085,0,5.57,"1,103,224","8,247","1,050,285"
460,8,5,0,0,0,1,"1,413",0.172,0,0.092,746,"583,680",4.029,0,2.155,1,0.52,"129,502",828,"99,775"
"11,620",4,3,0,1,1,1,"8,792",2.212,0,1.128,"4,431","8,056,320",51.827,0,26.429,0,5.66,"1,102,965","8,246","1,050,027"
460,8,5,0,0,0,1,"1,407",0.172,0,0.088,742,"583,680",4.029,0,2.061,1,0.53,"129,136",826,"99,639"
"11,620",4,3,0,1,1,1,"8,791",2.232,0,1.132,"4,432","8,056,320",52.295,0,26.522,1,5.52,"1,102,706","8,245","1,049,769"
460,8,5,0,0,0,1,"1,409",0.172,0,0.088,706,"583,680",4.029,0,2.061,1,0.52,"129,158",826,"99,619"
"11,620",4,3,0,1,1,1,"8,791",2.212,0,1.116,"4,432","8,056,320",51.826,0,26.147,1,5.52,"1,102,706","8,245","1,049,769"
460,8,5,0,0,0,1,"1,409",0.188,0,0.1,706,"583,680",4.404,0,2.343,0,0.54,"129,158",826,"99,619"
"11,620",4,3,0,1,1,1,"8,792",2.264,0,1.148,"4,433","8,056,320",53.044,0,26.897,1,5.66,"1,103,224","8,247","1,050,285"
460,8,5,0,0,0,1,"1,405",0.168,0,0.088,740,"583,680",3.935,0,2.061,1,0.52,"129,113",837,"99,977"
"11,620",4,3,0,1,1,1,"8,862",2.288,0,1.152,"4,432","8,056,320",53.607,0,26.991,1,5.69,"1,102,706","8,245","1,049,769"
460,8,5,0,0,0,1,"1,413",0.176,0,0.088,710,"583,680",4.122,0,2.061,1,0.54,"129,502",835,"100,090"
"11,620",4,3,0,1,1,1,"8,796",2.216,0,1.116,"4,437","8,056,320",51.92,0,26.147,1,5.85,"1,103,309","8,248","1,050,183"
460,8,5,0,0,0,1,"1,409",0.164,0,0.084,706,"583,680",3.842,0,1.968,1,0.51,"129,158",823,"99,616"
"11,620",4,3,0,1,1,1,"8,896",2.236,0,1.12,"4,449","8,056,320",52.388,0,26.241,1,5.6,"1,106,008","8,261","1,051,377"
460,8,5,0,0,0,1,"1,417",0.176,0,0.088,711,"583,680",4.122,0,2.061,1,0.54,"129,846",833,"100,088"
"11,620",4,3,0,1,1,1,"8,800",2.24,0,1.12,"4,435","8,056,320",52.482,0,26.241,1,5.57,"1,103,653","8,250","1,050,339"
460,8,5,0,0,0,1,"1,408",0.168,0,0.092,742,"583,680",3.935,0,2.155,1,0.52,"129,137",831,"99,829"
"11,620",4,3,0,1,1,1,"8,792",2.236,0,1.124,"4,431","8,056,320",52.389,0,26.335,0,5.5,"1,103,224","8,247","1,050,285"
460,8,5,0,0,0,1,"1,409",0.164,0,0.084,706,"583,680",3.842,0,1.968,0,0.54,"129,158",826,"99,619"
"11,620",4,3,0,1,1,1,"8,791",2.26,0,1.14,"4,432","8,056,320",52.951,0,26.71,0,5.55,"1,102,706","8,245","1,049,769"
460,8,5,0,0,0,1,"1,409",0.172,0,0.096,742,"583,680",4.029,0,2.249,1,0.53,"129,158",827,"99,620"
"11,620",4,3,0,1,1,1,"8,863",2.288,0,1.16,"4,433","8,056,320",53.607,0,27.178,0,5.54,"1,102,965","8,246","1,050,027"
460,8,5,0,0,0,1,"1,405",0.172,0,0.088,704,"583,680",4.029,0,2.061,0,0.54,"129,113",837,"100,008"
"11,620",4,3,0,1,1,1,"8,792",2.24,0,1.144,"4,431","8,056,320",52.482,0,26.803,0,5.64,"1,102,965","8,246","1,050,027"
460,8,5,0,0,0,1,"1,417",0.172,0,0.092,742,"583,680",4.029,0,2.155,1,0.53,"129,846",833,"100,088"
"11,620",4,3,0,1,1,1,"8,792",2.216,0,1.116,"4,431","8,056,320",51.92,0,26.147,0,5.5,"1,102,965","8,246","1,050,027"
460,8,5,0,0,0,1,"1,409",0.16,0,0.084,706,"583,680",3.748,0,1.968,0,0.55,"129,158",826,"99,619"
"18,314",4,2,0,1,0,1,"2,887",0.94,0,0.476,"1,498","13,150,720",22.023,0,11.152,1,1.59,"329,252","1,471","180,166"
460,8,5,0,0,0,1,"1,409",0.164,0,0.084,706,"583,680",3.842,0,1.968,1,0.54,"129,158",826,"99,619"
"18,314",4,2,0,1,0,1,"2,888",0.936,0,0.48,"1,504","13,150,720",21.93,0,11.246,0,1.86,"329,501","1,470","179,917"
0,1,0,0,0,0,0,46,0.008,0.028,0.008,22,0,0.187,0.656,0.187,0,0.02,"1,464",6,65
"18,314",4,2,0,1,0,1,"2,900",0.976,0,0.5,"1,513","13,150,720",22.867,0,11.715,1,1.52,"330,784","1,458","178,638"
0,1,0,0,0,0,0,49,0.012,0.024,0.004,19,0,0.279,0.562,0.093,1,0.03,"1,335",5,65
"18,314",4,2,0,1,0,1,"2,883",1.024,0,0.524,"1,499","13,150,720",23.992,0,12.277,0,1.66,"328,869","1,475","180,551"
1,1,1,0,1,0,0,14,0.004,0.032,0.004,11,"1,024",0.093,0.749,0.093,1,0.12,"3,170",14,"1,018"
"18,314",4,2,0,1,0,1,"2,883",0.992,0,0.5,"1,502","13,150,720",23.242,0,11.715,1,2.5,"328,866","1,475","180,551"
0,1,0,0,0,0,0,45,0.012,0.028,0.004,16,0,0.279,0.656,0.093,1,0.02,"1,144",2,64
"18,314",4,2,0,1,0,1,"2,882",0.98,0,0.492,"1,504","13,150,720",22.96,0,11.527,0,1.69,"328,869","1,476","180,556"
57,6,3,0,1,1,1,"19,450",8.192,0,4.112,"9,750","264,263,680",191.938,0,96.344,1,11.59,"2,540,804","16,279","2,182,939"
"18,314",4,2,0,1,0,1,"2,901",0.988,0,0.504,"1,503","13,150,720",23.148,0,11.808,1,1.71,"331,232","1,459","178,439"
57,6,3,0,1,1,1,"19,414",8.18,0,4.1,"9,727","264,263,680",191.657,0,96.063,0,11.63,"2,543,368","16,230","2,176,917"
"18,314",4,2,0,1,0,1,"2,884",1.004,0,0.516,"1,503","13,150,720",23.522,0,12.089,1,2.01,"328,993","1,474","180,425"
57,6,3,0,1,1,1,"19,435",8.2,0,4.108,"9,748","264,263,680",192.125,0,96.25,0,11.58,"2,539,141","16,243","2,177,956"
"18,314",4,2,0,1,0,1,"2,894",0.964,0,0.492,"1,509","13,150,720",22.585,0,11.527,0,1.53,"330,019","1,464","179,400"
57,6,3,0,1,1,1,"19,435",8.156,0,4.088,"9,726","264,263,680",191.094,0,95.781,1,11.51,"2,538,774","16,289","2,183,196"
"18,314",4,2,0,1,0,1,"2,889",0.972,0,0.504,"1,506","13,150,720",22.773,0,11.808,0,1.7,"329,832","1,480","180,983"
57,6,3,0,1,1,1,"19,370",8.16,0,4.088,"9,723","264,263,680",191.187,0,95.781,1,11.56,"2,535,343","16,242","2,176,651"
"18,314",4,2,0,1,0,1,"2,888",0.96,0,0.496,"1,505","13,150,720",22.492,0,11.621,0,1.62,"329,379","1,470","180,039"
57,6,3,0,1,1,1,"19,429",8.184,0,4.096,"9,725","264,263,680",191.75,0,95.969,0,11.55,"2,535,336","16,232","2,175,000"
"18,314",4,2,0,1,0,1,"3,008",0.968,0,0.484,"1,506","13,150,720",22.68,0,11.34,1,1.87,"329,509","1,468","179,909"
57,6,3,0,1,1,1,"19,371",8.184,0,4.096,"9,702","264,263,680",191.75,0,95.969,1,11.45,"2,535,846","16,303","2,186,424"
"18,314",4,2,0,1,0,1,"2,901",0.956,0,0.484,"1,503","13,150,720",22.398,0,11.34,1,1.71,"330,906","1,457","178,512"
57,6,3,0,1,1,1,"19,425",8.156,0,4.092,"9,727","264,263,680",191.094,0,95.875,1,11.56,"2,540,696","16,244","2,178,187"
"18,314",4,2,0,1,0,1,"2,873",1,0,0.508,"1,491","13,150,720",23.429,0,11.902,0,1.97,"328,104","1,473","180,297"
57,6,3,0,1,1,1,"19,367",8.192,0,4.104,"9,722","264,263,680",191.937,0,96.156,0,11.61,"2,534,450","16,255","2,177,540"
"18,314",4,2,0,1,0,1,"2,894",0.976,0,0.496,"1,508","13,150,720",22.867,0,11.621,1,1.86,"330,392","1,466","179,280"
57,6,3,0,1,1,1,"19,403",8.192,0,4.1,"9,710","264,263,680",191.938,0,96.063,0,11.69,"2,535,462","16,268","2,179,065"
1,1,2,0,0,1,1,"7,365",2.124,0.064,1.088,"3,695","638,464",49.764,1.499,25.491,1,4.12,"891,708","6,893","866,168"
57,6,3,0,1,1,1,"19,478",8.192,0,4.108,"9,755","264,263,680",191.938,0,96.25,0,11.52,"2,543,741","16,237","2,176,981"
1,1,2,0,0,1,1,"7,383",2.128,0.056,1.076,"3,716","638,464",49.858,1.312,25.21,1,4.09,"891,708","6,888","866,040"
1,1,2,0,1,1,1,"7,976",1.896,0,0.968,"4,005","19,851,264",44.423,0,22.68,0,5.03,"969,854","7,127","898,129"
1,1,2,0,0,1,1,"7,384",2.096,0,1.06,"3,714","638,464",49.108,0,24.835,1,4.19,"891,645","6,888","866,040"
1,1,2,0,1,1,1,"7,965",1.812,0,0.908,"4,004","19,853,312",42.454,0,21.274,0,4.85,"969,271","7,124","898,483"
1,1,2,0,0,1,1,"7,328",2.116,0,1.06,"3,667","638,464",49.577,0,24.835,1,4.1,"891,401","6,888","866,040"
1,1,2,0,1,1,1,"7,968",1.844,0,0.932,"4,005","19,851,264",43.204,0,21.836,1,4.85,"969,768","7,130","899,084"
1,1,2,0,0,1,1,"7,325",2.144,0,1.092,"3,666","638,464",50.233,0,25.585,1,4.21,"891,274","6,887","866,040"
1,1,2,0,1,1,1,"7,971",1.816,0,0.924,"4,006","19,853,312",42.548,0,21.649,0,4.78,"970,034","7,129","899,118"
1,1,2,0,0,1,1,"7,336",2.12,0,1.08,"3,670","638,464",49.671,0,25.304,1,4.18,"891,645","6,887","866,040"
1,1,2,0,1,1,1,"7,971",1.856,0,0.952,"4,003","19,851,264",43.485,0,22.305,1,5.06,"969,253","7,125","897,941"
1,1,2,0,0,1,1,"7,386",2.128,0,1.08,"3,715","638,464",49.858,0,25.304,1,4.57,"891,708","6,888","866,040"
1,1,2,0,1,1,1,"7,969",1.836,0,0.924,"4,004","19,852,288",43.017,0,21.649,1,5.01,"969,772","7,129","899,118"
1,1,2,0,0,1,1,"7,358",2.132,0.004,1.092,"3,688","638,464",49.952,0.093,25.585,1,4.22,"891,709","6,887","866,040"
1,1,2,0,1,1,1,"7,961",1.828,0,0.92,"4,002","19,852,288",42.829,0,21.555,0,5.01,"969,251","7,119","898,451"
1,1,2,0,0,1,1,"7,383",2.128,0,1.092,"3,717","638,464",49.858,0,25.585,1,4.15,"891,708","6,888","866,040"
1,1,2,0,1,1,1,"7,962",1.836,0,0.924,"4,000","19,851,264",43.017,0,21.649,1,4.86,"969,259","7,117","898,068"
1,1,2,0,0,1,1,"7,359",2.124,0,1.092,"3,689","638,464",49.764,0,25.585,1,4.13,"891,708","6,888","866,040"
1,1,2,0,1,1,1,"7,970",1.86,0,0.932,"4,004","19,852,288",43.579,0,21.836,1,5.01,"970,027","7,128","899,118"
1,1,2,0,0,1,1,"7,363",2.12,0,1.088,"3,696","638,464",49.67,0,25.491,1,4.12,"891,772","6,888","866,040"
1,1,2,0,1,1,1,"7,965",1.796,0,0.9,"4,007","19,852,288",42.08,0,21.087,0,4.72,"969,608","7,128","899,115"
1,1,2,0,0,1,1,"7,338",2.1,0,1.064,"3,672","638,464",49.202,0,24.929,1,4.19,"891,708","6,888","866,040"
1,1,2,0,1,1,1,"7,967",1.836,0,0.924,"3,999","19,852,288",43.017,0,21.649,0,4.84,"969,781","7,122","898,576"
1,1,2,0,0,1,1,"7,338",2.128,0,1.08,"3,672","638,464",49.858,0,25.304,1,4.19,"891,708","6,888","866,040"
1,1,2,0,1,1,1,"7,962",1.832,0,0.92,"3,999","19,852,288",42.923,0,21.555,1,4.73,"969,017","7,123","898,481"
1,1,2,0,0,1,1,"7,362",2.128,0,1.076,"3,694","638,464",49.858,0,25.21,1,4.2,"891,708","6,888","866,040"
1,1,2,0,1,1,1,"7,969",1.888,0,0.956,"4,003","19,853,312",44.235,0,22.399,1,5.05,"969,519","7,121","897,943"
1,1,2,0,0,1,1,"7,381",2.116,0,1.084,"3,713","638,464",49.577,0,25.398,1,4.12,"891,644","6,887","866,040"
1,1,2,0,1,1,1,"7,966",1.86,0,0.944,"4,004","19,853,312",43.578,0,22.117,1,5.1,"969,003","7,127","898,483"
1,1,2,0,0,1,1,"7,352",2.132,0,1.088,"3,694","638,464",49.951,0,25.491,1,4.13,"891,401","6,888","866,040"
1,1,2,0,1,1,1,"7,971",1.884,0,0.944,"4,005","19,852,288",44.141,0,22.117,0,4.8,"969,254","7,125","898,038"
1,1,2,0,0,1,1,"7,327",2.092,0,1.052,"3,668","638,464",49.015,0,24.648,1,4.18,"891,339","6,888","866,040"
1,1,2,0,1,1,1,"7,946",1.9,0,0.964,"3,979","19,851,264",44.516,0,22.586,0,4.87,"970,023","7,117","897,528"
1,1,2,0,0,1,1,"7,362",2.1,0,1.056,"3,696","638,464",49.202,0,24.742,1,4.09,"891,708","6,888","866,040"
1,1,2,0,1,1,1,"7,912",1.836,0,0.936,"3,975","19,852,288",43.017,0,21.93,0,4.88,"969,516","7,118","897,941"
1,1,2,0,0,1,1,"7,337",2.104,0,1.056,"3,670","638,464",49.296,0,24.742,1,4.17,"891,709","6,887","866,040"
1,1,2,0,1,1,1,"7,937",1.896,0,0.98,"3,976","19,853,312",44.422,0,22.961,0,4.88,"969,005","7,125","898,483"
1,1,2,0,0,1,1,"7,325",2.112,0,1.068,"3,667","638,464",49.483,0,25.023,1,4.2,"891,276","6,887","866,040"
1,1,2,0,1,1,1,"7,973",1.852,0,0.944,"4,006","19,851,264",43.391,0,22.117,0,5.06,"969,252","7,128","898,068"
1,1,2,0,0,1,1,"7,336",2.116,0,1.08,"3,670","638,464",49.577,0,25.304,1,4.2,"891,645","6,887","866,040"
1,1,2,0,1,1,1,"7,941",1.848,0,0.936,"3,975","19,851,264",43.298,0,21.93,1,4.82,"968,999","7,129","898,481"
1,1,2,0,0,1,1,"7,365",2.116,0,1.068,"3,694","638,464",49.577,0,25.023,1,4.19,"891,708","6,888","866,040"
1,1,2,0,1,1,1,"7,945",1.884,0,0.952,"3,977","19,851,264",44.141,0,22.305,1,4.85,"968,995","7,133","898,481"
1,1,2,0,0,1,1,"7,354",2.112,0,1.056,"3,686","638,464",49.484,0,24.742,1,4,"891,640","6,888","866,040"
0,3,1,0,1,1,1,158,0.028,0.016,0.008,24,0,0.652,0.374,0.187,1,0.08,965,6,326
1,1,2,0,0,1,1,"7,345",2.092,0,1.052,"3,673","638,464",49.015,0,24.648,1,4.03,"892,461","6,887","866,040"
0,3,1,0,1,1,1,0,0,0,0,0,0,0,0,0, ?,0,0,0,0
1,1,2,0,0,1,1,"7,326",2.04,0,1.032,"3,667","638,464",47.796,0,24.179,1,4.14,"891,340","6,887","866,040"
1,5,2,0,0,0,1,"6,923",1.416,0.072,0.712,"3,505","2,136,064",33.176,1.686,16.682,0,4.16,"859,341","6,657","837,659"
1,1,2,0,0,1,1,"7,360",2.108,0,1.068,"3,693","638,464",49.39,0,25.023,1,4.17,"891,645","6,887","866,040"
0,0,0,0,0,0,0,70,0.012,0.016,0.004,26,0,0.279,0.374,0.093,1,0.04,"1,249",12,523
1,1,2,0,0,1,1,"7,365",2.1,0,1.06,"3,694","638,464",49.202,0,24.835,1,4.17,"891,708","6,888","866,040"
"18,314",4,2,0,1,0,1,"2,900",1.012,0.072,0.524,"1,506","13,150,720",23.71,1.686,12.277,1,1.61,"330,662","1,442","177,095"
1,1,2,0,0,1,1,"7,363",2.092,0,1.064,"3,693","638,464",49.015,0,24.929,1,4.11,"891,645","6,887","866,040"
"18,314",4,2,0,1,0,1,"2,892",0.972,0.076,0.504,"1,507","13,150,720",22.773,1.78,11.808,0,2.78,"329,768","1,466","179,655"
1,1,2,0,0,1,1,"7,327",2.116,0,1.068,"3,666","638,464",49.577,0,25.023,1,4.11,"891,337","6,888","866,040"
"18,314",4,2,0,1,0,1,"2,891",0.98,0.004,0.5,"1,506","13,150,720",22.961,0.093,11.715,0,2.23,"329,641","1,467","179,782"
1,1,2,0,0,1,1,"7,325",2.076,0,1.06,"3,667","638,464",48.639,0,24.835,1,4.06,"891,276","6,887","866,040"
"18,314",4,2,0,1,0,1,"2,891",0.984,0,0.5,"1,503","13,150,720",23.055,0,11.715,1,1.53,"329,643","1,467","179,782"
57,6,3,0,1,1,1,"19,425",8.256,0.096,4.14,"9,731","264,263,680",193.437,2.249,97,0,11.75,"2,540,058","16,241","2,177,171"
"18,314",4,2,0,1,0,1,"2,887",0.968,0,0.496,"1,502","13,150,720",22.679,0,11.621,1,1.87,"329,254","1,471","180,167"
57,6,3,0,1,1,1,"19,369",8.616,0.072,4.32,"9,698","264,263,680",201.872,1.686,101.217,1,12.19,"2,534,820","16,291","2,184,624"
"18,314",4,2,0,1,0,1,"2,891",1,0,0.508,"1,503","13,150,720",23.429,0,11.902,1,2.5,"329,643","1,467","179,782"
57,6,3,0,1,1,1,"19,385",8.308,0,4.156,"9,706","264,263,680",194.656,0,97.375,0,11.78,"2,534,192","16,301","2,185,808"
"18,314",4,2,0,1,0,1,"2,890",1.008,0,0.52,"1,505","13,150,720",23.616,0,12.183,0,1.57,"329,513","1,468","179,909"
57,6,3,0,1,1,1,"19,375",8.404,0,4.212,"9,727","264,263,680",196.905,0,98.687,1,11.7,"2,537,141","16,261","2,180,154"
"18,314",4,2,0,1,0,1,"2,883",0.968,0,0.5,"1,505","13,150,720",22.68,0,11.715,0,1.6,"328,868","1,475","180,552"
57,6,3,0,1,1,1,"19,382",8.356,0,4.204,"9,709","264,263,680",195.78,0,98.499,0,11.7,"2,533,590","16,263","2,179,446"
"18,314",4,2,0,1,0,1,"2,889",0.944,0,0.492,"1,501","13,150,720",22.117,0,11.527,1,1.69,"329,509","1,469","179,913"
57,6,3,0,1,1,1,"19,348",8.304,0,4.16,"9,674","264,263,680",194.561,0,97.468,0,11.58,"2,533,049","16,315","2,187,016"
"18,314",4,2,0,1,0,1,"2,901",0.936,0,0.476,"1,502","13,150,720",21.929,0,11.152,1,1.79,"330,908","1,457","178,512"
57,6,3,0,1,1,1,"19,404",8.276,0,4.144,"9,722","264,263,680",193.905,0,97.093,1,11.6,"2,542,061","16,300","2,185,798"
"18,314",4,2,0,1,0,1,"2,889",0.948,0,0.488,"1,502","13,150,720",22.21,0,11.433,1,2.44,"329,389","1,469","180,036"
"37,967",8,4,0,1,1,1,"11,939",2.356,0,1.184,"5,978","23,892,992",55.2,0,27.741,1,7.22,"1,494,708","9,442","1,225,068"
"18,314",4,2,0,1,0,1,"2,884",0.948,0,0.492,"1,503","13,150,720",22.211,0,11.527,1,1.55,"328,999","1,474","180,425"
"37,967",8,4,0,1,1,1,"11,930",2.432,0,1.22,"5,973","23,892,992",56.981,0,28.584,0,7.11,"1,493,944","9,433","1,224,149"
"18,314",4,2,0,1,0,1,"2,895",0.948,0,0.492,"1,508","13,150,720",22.211,0,11.527,1,1.52,"330,395","1,465","179,277"
"37,967",8,4,0,1,1,1,"11,435",2.3,0,1.192,"5,959","23,892,992",53.888,0,27.928,0,7.09,"1,491,785","9,454","1,226,622"
"18,314",4,2,0,1,0,1,"2,887",0.948,0,0.484,"1,502","13,150,720",22.211,0,11.34,1,1.8,"329,255","1,471","180,166"
"37,967",8,4,0,1,1,1,"11,935",2.436,0,1.24,"5,976","23,892,992",57.075,0,29.053,0,7.1,"1,493,950","9,400","1,219,796"
"18,314",4,2,0,1,0,1,"2,883",0.968,0,0.496,"1,502","13,150,720",22.679,0,11.621,1,1.53,"328,988","1,475","180,429"
"37,967",8,4,0,1,1,1,"11,950",2.36,0,1.188,"5,978","23,892,992",55.293,0,27.834,1,7.12,"1,495,464","9,407","1,220,341"
57,6,3,0,1,1,1,"19,426",8.208,0,4.108,"9,774","264,263,680",192.313,0,96.25,0,11.4,"2,544,178","16,268","2,180,877"
"37,967",8,4,0,1,1,1,"11,467",2.408,0,1.252,"5,974","23,892,992",56.419,0,29.334,0,7.16,"1,495,214","9,419","1,221,453"
57,6,3,0,1,1,1,"19,408",8.228,0,4.132,"9,728","264,263,680",192.781,0,96.812,1,11.71,"2,536,463","16,241","2,175,352"
"37,967",8,4,0,1,1,1,"11,922",3.052,0,1.54,"5,974","23,892,992",71.508,0,36.082,0,7.37,"1,492,037","9,428","1,222,907"
57,6,3,0,1,1,1,"19,366",8.244,0,4.124,"9,704","264,263,680",193.156,0,96.625,1,11.93,"2,530,385","16,273","2,181,418"
"37,967",8,4,0,1,1,1,"11,919",3.132,0.004,1.58,"5,972","23,892,992",73.382,0.093,37.019,1,7.39,"1,491,908","9,425","1,222,780"
57,6,3,0,1,1,1,"19,418",8.236,0,4.128,"9,727","264,263,680",192.969,0,96.719,0,11.7,"2,539,167","16,256","2,178,981"
"37,967",8,4,0,1,1,1,"11,909",2.964,0,1.484,"5,959","23,892,992",69.446,0,34.77,1,7.36,"1,491,023","9,467","1,228,301"
57,6,3,0,1,1,1,"19,455",8.22,0,4.112,"9,738","264,263,680",192.594,0,96.344,0,11.63,"2,541,723","16,240","2,178,251"
"37,967",8,4,0,1,1,1,"11,445",2.668,0,1.356,"5,977","23,892,992",62.511,0,31.771,0,7.22,"1,492,413","9,444","1,224,842"
57,6,3,0,1,1,1,"19,395",8.296,0,4.156,"9,743","264,263,680",194.375,0,97.375,1,11.71,"2,541,947","16,265","2,181,386"
"37,967",8,4,0,1,1,1,"11,932",2.912,0,1.464,"5,972","23,892,992",68.227,0,34.301,1,7.56,"1,494,334","9,461","1,227,863"
57,6,3,0,1,1,1,"19,444",8.244,0,4.124,"9,724","264,263,680",193.156,0,96.625,1,11.61,"2,539,438","16,247","2,178,251"
"37,967",8,4,0,1,1,1,"11,473",2.688,0,1.388,"5,979","23,892,992",62.979,0,32.52,1,7.15,"1,496,611","9,429","1,223,163"
57,6,3,0,1,1,1,"19,428",8.188,0,4.108,"9,724","264,263,680",191.844,0,96.25,1,11.56,"2,538,142","16,276","2,181,894"
"37,967",8,4,0,1,1,1,"11,921",3.196,0,1.604,"5,972","23,892,992",74.881,0,37.581,1,7.9,"1,492,178","9,431","1,223,546"
57,6,3,0,1,1,1,"19,355",8.208,0,4.112,"9,704","264,263,680",192.313,0,96.344,0,11.63,"2,533,428","16,309","2,186,109"
"37,967",8,4,0,1,1,1,"11,910",2.572,0,1.292,"5,962","23,892,992",60.261,0,30.271,1,7.16,"1,491,155","9,465","1,227,952"
57,6,3,0,1,1,1,"19,383",8.172,0,4.096,"9,728","264,263,680",191.469,0,95.969,0,11.58,"2,534,404","16,267","2,179,382"
"37,967",8,4,0,1,1,1,"11,464",2.84,0,1.46,"5,968","23,892,992",66.54,0,34.207,1,7.53,"1,495,580","9,437","1,224,459"
57,6,3,0,1,1,1,"19,460",8.152,0,4.08,"9,736","264,263,680",191,0,95.594,1,11.61,"2,539,122","16,251","2,176,692"
"37,967",8,4,0,1,1,1,"11,917",2.56,0,1.304,"5,960","23,892,992",59.98,0,30.552,1,7.15,"1,491,527","9,456","1,226,301"
42,2,2,1,1,0,0,"4,104",4.364,0,2.192,"2,054","36,841,472",102.247,0,51.358,1,5.04,"513,523","2,609","350,631"
"37,967",8,4,0,1,1,1,"11,927",2.576,0,1.296,"5,973","23,892,992",60.355,0,30.365,1,7.17,"1,493,053","9,412","1,221,351"
42,2,2,1,1,0,0,"4,076",4.248,0,2.128,"2,055","36,841,472",99.53,0,49.859,1,5.01,"509,590","2,600","349,993"
1,1,1,0,1,1,1,"6,670",2.08,0,1.052,"3,343","1,024",48.734,0,24.648,1,4.09,"840,809","6,640","835,652"
42,2,2,1,1,0,0,"4,019",4.264,0,2.148,"2,014","36,841,472",99.904,0,50.327,1,4.86,"509,649","2,590","350,152"
1,1,1,0,1,1,1,"6,666",1.312,0,0.66,"3,339","1,024",30.739,0,15.463,0,3.77,"840,555","6,640","835,652"
42,2,2,1,1,0,0,"4,057",4.288,0,2.164,"2,094","36,841,472",100.467,0,50.702,1,4.83,"515,111","2,609","352,504"
1,1,1,0,1,1,1,"6,693",1.304,0,0.656,"3,366","1,024",30.552,0,15.37,0,3.83,"840,555","6,640","835,652"
42,2,2,1,1,0,0,"4,000",4.288,0,2.16,"2,006","36,841,472",100.467,0,50.608,1,4.85,"505,633","2,604","349,489"
1,1,1,0,1,1,1,"6,693",1.3,0,0.652,"3,366","1,024",30.458,0,15.276,0,3.83,"840,555","6,640","835,652"
42,2,2,1,1,0,0,"4,107",4.3,0,2.168,"2,057","36,841,472",100.748,0,50.796,1,4.82,"515,988","2,598","351,836"
1,1,1,0,1,1,1,"6,666",1.324,0,0.672,"3,339","1,024",31.02,0,15.744,1,3.77,"840,555","6,640","835,652"
42,2,2,1,1,0,0,"4,105",4.324,0,2.184,"2,082","36,841,472",101.311,0,51.171,1,4.87,"515,235","2,605","352,027"
1,1,1,0,1,1,1,"3,325",0.664,0,0.66,"3,320","1,024",15.556,0,15.463,0,3.79,"421,254","3,319","417,695"
42,2,2,1,1,0,0,"4,066",4.292,0,2.16,"2,056","36,841,472",100.56,0,50.608,0,4.84,"508,484","2,607","350,788"
1,1,1,0,1,1,1,"6,693",1.368,0,0.688,"3,366","1,024",32.051,0,16.119,1,3.83,"840,555","6,640","835,652"
42,2,2,1,1,0,0,"4,110",4.316,0,2.172,"2,060","36,841,472",101.122,0,50.889,1,4.9,"515,982","2,602","351,868"
1,1,1,0,1,1,1,"6,693",1.356,0,0.684,"3,366","1,024",31.77,0,16.026,0,3.85,"840,555","6,640","835,652"
42,2,2,1,1,0,0,"4,019",4.316,0,2.176,"2,036","36,841,472",101.123,0,50.983,1,4.87,"501,993","2,632","352,123"
1,1,1,0,1,1,1,"6,693",1.348,0,0.68,"3,366","1,024",31.583,0,15.932,0,3.83,"840,555","6,640","835,652"
42,2,2,1,1,0,0,"4,132",4.348,0,2.184,"2,094","36,841,472",101.873,0,51.171,1,4.99,"513,432","2,614","350,696"
1,1,1,0,1,1,1,"6,666",1.332,0,0.672,"3,339","1,024",31.207,0,15.744,1,3.75,"840,555","6,640","835,652"
42,2,2,1,1,0,0,"4,062",4.364,0,2.2,"2,039","36,841,472",102.248,0,51.546,1,5.17,"515,731","2,598","351,582"
1,1,1,0,1,1,1,"3,349",0.68,0.004,0.676,"3,347","1,024",15.931,0.093,15.838,0,3.87,"421,254","3,319","417,695"
42,2,2,1,1,0,0,"3,980",4.372,0.004,2.196,"1,997","36,841,472",102.435,0.093,51.452,0,5.02,"502,626","2,638","352,758"
1,1,1,0,1,1,1,"6,693",1.448,0,0.732,"3,366","1,024",33.925,0,17.15,0,3.91,"840,555","6,640","835,652"
42,2,2,1,1,0,0,"4,139",4.308,0,2.172,"2,087","36,841,472",100.935,0,50.889,1,4.88,"515,978","2,604","351,868"
1,1,1,0,1,1,1,"6,666",1.324,0,0.664,"3,339","1,024",31.02,0,15.557,1,3.75,"840,555","6,640","835,652"
42,2,2,1,1,0,0,"4,112",4.4,0,2.216,"2,073","36,841,472",103.091,0,51.92,1,5.03,"512,694","2,606","351,458"
1,1,1,0,1,1,1,"6,693",1.368,0,0.688,"3,366","1,024",32.051,0,16.119,0,3.88,"840,555","6,640","835,652"
42,2,2,1,1,0,0,"4,100",4.252,0,2.16,"2,058","36,841,472",99.623,0,50.608,1,4.83,"513,945","2,616","352,062"
1,1,1,0,1,1,1,"6,666",1.3,0,0.66,"3,339","1,024",30.458,0,15.463,1,3.77,"840,555","6,640","835,652"
42,2,2,1,1,0,0,"4,002",4.264,0,2.14,"2,010","36,841,472",99.905,0,50.14,0,4.85,"505,523","2,609","349,838"
1,1,1,0,1,1,1,"6,666",1.424,0,0.712,"3,339","1,024",33.364,0,16.682,1,3.8,"840,555","6,640","835,652"
42,2,2,1,1,0,0,"4,105",4.304,0,2.16,"2,095","36,841,472",100.841,0,50.608,1,4.92,"513,432","2,614","350,791"
1,1,1,0,1,1,1,"6,693",1.356,0,0.68,"3,366","1,024",31.77,0,15.932,1,3.85,"840,555","6,640","835,652"
1,1,2,0,1,1,1,"7,969",1.856,0.068,0.932,"4,004","19,853,312",43.485,1.593,21.836,1,5.17,"969,238","7,128","898,483"
4,4,4,0,0,1,0,"17,539",6.396,0.316,3.228,"8,813","83,591,168",149.858,7.403,75.632,0,9.19,"2,167,304","10,703","1,349,105"
1,1,2,0,1,1,1,"7,944",1.944,0.052,1.016,"3,977","19,851,264",45.547,1.218,23.804,0,5.34,"970,016","7,119","898,036"
4,4,4,0,0,1,0,"17,511",6.352,0.332,3.188,"8,856","83,591,168",148.826,7.778,74.694,1,9.01,"2,160,877","10,732","1,349,586"
1,1,2,0,1,1,1,"7,966",1.824,0,0.916,"4,004","19,853,312",42.735,0,21.461,1,5.05,"969,013","7,127","898,483"
4,4,4,0,0,1,0,"17,544",7.004,0,3.532,"8,865","83,591,168",164.102,0,82.754,0,9.73,"2,165,967","10,729","1,350,051"
1,1,2,0,1,1,1,"7,966",1.9,0,0.98,"4,001","19,851,264",44.516,0,22.961,0,4.87,"969,262","7,130","899,116"
4,4,4,0,0,1,0,"17,501",7.136,0,3.58,"8,823","83,591,168",167.196,0,83.879,1,9.98,"2,161,146","10,719","1,349,459"
1,1,2,0,1,1,1,"7,964",1.856,0,0.94,"4,003","19,853,312",43.485,0,22.024,1,4.74,"969,015","7,125","898,483"
4,4,4,0,0,1,0,"17,556",8.432,0,4.236,"8,844","83,591,168",197.561,0,99.249,1,11.24,"2,169,476","10,733","1,352,177"
1,1,2,0,1,1,1,"7,968",1.908,0,0.968,"4,005","19,851,264",44.704,0,22.68,1,5.04,"969,766","7,122","898,449"
4,4,4,0,0,1,0,"17,548",6.388,0,3.204,"8,884","83,591,168",149.67,0,75.069,1,9.1,"2,168,315","10,728","1,351,968"
1,1,2,0,1,1,1,"7,918",1.808,0,0.916,"3,960","19,853,312",42.36,0,21.461,1,5.05,"967,026","7,119","897,943"
5,2,6,0,1,1,1,"11,218",3.004,0,1.508,"5,715","41,450,496",70.383,0,35.332,1,7.37,"1,367,441","9,441","1,186,114"
1,1,2,0,1,1,1,"7,971",1.812,0,0.912,"4,008","19,853,312",42.455,0,21.368,0,5.04,"969,260","7,126","898,070"
5,2,6,0,1,1,1,"11,207",3.036,0,1.524,"5,704","41,450,496",71.133,0,35.707,1,7.39,"1,366,780","9,446","1,187,396"
1,1,2,0,1,1,1,"7,964",1.876,0,0.952,"4,000","19,851,264",43.954,0,22.305,1,5.04,"968,999","7,125","898,481"
5,2,6,0,1,1,1,"11,203",3,0,1.512,"5,742","41,450,496",70.289,0,35.426,1,7.47,"1,365,485","9,455","1,187,287"
175,3,2,0,1,1,0,"21,407",10.376,0,5.22,"10,757","303,058,944",243.109,0,122.304,0,15.43,"2,578,282","14,328","1,772,822"
5,2,6,0,1,1,1,"11,154",3.008,0,1.508,"5,667","41,450,496",70.477,0,35.332,1,7.6,"1,359,977","9,443","1,187,150"
175,3,2,0,1,1,0,"20,950",10.608,0,5.312,"10,516","303,058,944",248.545,0,124.46,0,15.5,"2,508,400","14,187","1,750,970"
5,2,6,0,1,1,1,"11,146",3.028,0,1.516,"5,686","41,450,496",70.945,0,35.519,0,7.39,"1,358,316","9,441","1,185,475"
175,3,2,0,1,1,0,"21,371",10.452,0,5.236,"10,691","303,058,944",244.889,0,122.679,1,15.37,"2,555,821","14,304","1,768,362"
5,2,6,0,1,1,1,"11,172",3.052,0,1.528,"5,685","41,450,496",71.508,0,35.801,0,7.41,"1,361,499","9,457","1,187,231"
175,3,2,0,1,1,0,"20,722",10.408,0,5.22,"10,448","303,058,944",243.858,0,122.304,0,15.22,"2,497,533","14,083","1,744,284"
5,2,6,0,1,1,1,"11,185",3.488,0,1.748,"5,715","41,450,496",81.723,0,40.955,1,7.97,"1,364,034","9,462","1,188,958"
"37,967",8,4,0,1,1,1,"11,437",2.34,0.084,1.256,"5,957","23,892,992",54.826,1.968,29.428,1,7.07,"1,491,650","9,458","1,227,332"
5,2,6,0,1,1,1,"11,176",3.444,0,1.728,"5,687","41,450,496",80.692,0,40.487,1,7.84,"1,362,393","9,461","1,188,120"
"37,967",8,4,0,1,1,1,"11,880",2.376,0.08,1.22,"5,947","23,892,992",55.669,1.874,28.584,1,7.16,"1,486,702","9,428","1,222,521"
5,2,6,0,1,1,1,"11,184",3.568,0,1.784,"5,712","41,450,496",83.598,0,41.799,1,7.82,"1,363,455","9,462","1,189,218"
"37,967",8,4,0,1,1,1,"11,926",2.416,0,1.212,"5,978","23,892,992",56.606,0,28.397,1,7.08,"1,493,173","9,440","1,224,838"
5,2,6,0,1,1,1,"11,190",3.632,0,1.82,"5,714","41,450,496",85.097,0,42.642,0,8,"1,364,684","9,465","1,188,828"
"37,967",8,4,0,1,1,1,"11,443",2.316,0,1.216,"5,973","23,892,992",54.263,0,28.49,0,7.12,"1,492,674","9,418","1,222,272"
1,1,1,0,1,1,1,"6,693",1.484,0.028,0.764,"3,368","1,024",34.769,0.656,17.9,1,3.87,"840,555","6,643","835,716"
"37,967",8,4,0,1,1,1,"11,919",2.46,0,1.252,"5,972","23,892,992",57.637,0,29.334,1,7.3,"1,491,908","9,435","1,224,050"
1,1,1,0,1,1,1,"6,666",1.656,0.028,0.852,"3,339","1,024",38.799,0.656,19.962,1,4.03,"840,555","6,641","835,652"
"37,967",8,4,0,1,1,1,"11,902",2.436,0,1.236,"5,960","23,892,992",57.075,0,28.959,0,7.06,"1,489,882","9,492","1,229,722"
1,1,1,0,1,1,1,"6,666",1.852,0,0.952,"3,339","1,024",43.392,0,22.305,1,4.06,"840,555","6,640","835,652"
"37,967",8,4,0,1,1,1,"11,468",2.304,0,1.204,"5,972","23,892,992",53.982,0,28.209,0,7.15,"1,495,714","9,411","1,221,131"
1,1,1,0,1,1,1,"6,666",2.068,0,1.064,"3,339","1,024",48.452,0,24.929,1,4.05,"840,555","6,640","835,652"
"37,967",8,4,0,1,1,1,"11,903",2.396,0,1.204,"5,960","23,892,992",56.137,0,28.209,0,7.05,"1,490,171","9,427","1,223,445"
1,1,1,0,1,1,1,"6,666",1.376,0,0.704,"3,339","1,024",32.238,0,16.494,1,3.82,"840,555","6,640","835,652"
2,2,2,0,0,1,0,"11,374",3.296,0,1.656,"5,711","87,584,768",77.225,0,38.8,1,7.47,"1,398,115","9,744","1,253,356"
1,1,1,0,1,1,1,"6,666",1.384,0,0.712,"3,339","1,024",32.426,0,16.682,1,3.82,"840,555","6,640","835,652"
2,2,2,0,0,1,0,"11,360",3.248,0,1.624,"5,703","87,584,768",76.1,0,38.05,1,7.24,"1,400,281","9,741","1,253,355"
1,1,1,0,1,1,1,"6,693",1.664,0,0.872,"3,366","1,024",38.986,0,20.43,1,3.94,"840,555","6,640","835,652"
2,2,2,0,0,1,0,"11,418",3.716,0,1.864,"5,728","87,584,768",87.065,0,43.673,1,7.64,"1,404,089","9,735","1,252,593"
1,1,1,0,1,1,1,"6,666",1.616,0,0.824,"3,339","1,024",37.862,0,19.306,1,3.88,"840,555","6,640","835,652"
2,2,2,0,0,1,0,"11,422",3.62,0,1.816,"5,732","87,584,768",84.815,0,42.548,0,7.84,"1,404,139","9,739","1,252,365"
1,1,1,0,1,1,1,"6,666",1.608,0,0.808,"3,339","1,024",37.675,0,18.931,0,4.01,"840,555","6,640","835,652"
2,2,2,0,0,1,0,"11,373",3.22,0,1.616,"5,714","87,584,768",75.443,0,37.862,1,7.39,"1,397,476","9,740","1,252,339"
1,1,1,0,1,1,1,"3,344",0.66,0,0.652,"3,339","1,024",15.463,0,15.276,0,3.88,"421,254","3,319","417,695"
2,2,2,0,0,1,0,"11,421",3.336,0,1.672,"5,713","87,584,768",78.161,0,39.174,0,7.32,"1,400,657","9,739","1,252,720"
1,1,1,0,1,1,1,"6,666",1.392,0.004,0.712,"3,339","1,024",32.614,0.093,16.682,1,3.87,"840,555","6,640","835,652"
2,2,2,0,0,1,0,"11,394",3.224,0,1.616,"5,708","87,584,768",75.537,0,37.862,0,7.49,"1,400,657","9,741","1,252,974"
1,1,1,0,1,1,1,"6,666",1.56,0,0.804,"3,339","1,024",36.55,0,18.837,1,3.85,"840,555","6,640","835,652"
2,2,2,0,0,1,0,"11,405",3.956,0,1.98,"5,728","87,584,768",92.688,0,46.391,1,7.87,"1,403,334","9,739","1,253,990"
1,1,1,0,1,1,1,"6,666",1.46,0,0.744,"3,339","1,024",34.206,0,17.431,1,3.84,"840,555","6,640","835,652"
2,2,2,0,0,1,0,"11,415",3.292,0,1.648,"5,712","87,584,768",77.13,0,38.612,0,7.44,"1,400,281","9,739","1,253,101"
411,2,4,0,1,0,1,"29,805",9.92,0,4.984,"15,002","40,268,800",232.425,0,116.775,1,19.08,"3,639,734","24,990","3,106,310"
175,3,2,0,1,1,0,"21,055",11.576,0.668,5.808,"10,537","303,058,944",271.225,15.651,136.081,0,16.27,"2,514,992","14,215","1,753,494"
411,2,4,0,1,0,1,"29,779",9.932,0,4.992,"15,016","40,268,800",232.706,0,116.962,1,19.22,"3,639,606","24,995","3,106,629"
175,3,2,0,1,1,0,"21,025",12.648,0.592,6.324,"10,652","303,058,944",296.342,13.87,148.171,1,18.01,"2,516,860","14,163","1,747,951"
411,2,4,0,1,0,1,"29,785",9.916,0,4.984,"14,949","40,268,800",232.331,0,116.775,1,19.07,"3,636,686","24,993","3,106,417"
175,3,2,0,1,1,0,"21,149",11.684,0,5.852,"10,613","303,058,944",273.755,0,137.112,0,16.41,"2,535,087","14,289","1,764,653"
411,2,4,0,1,0,1,"29,822",9.852,0,4.956,"15,006","40,268,800",230.832,0,116.119,1,19.02,"3,641,511","24,997","3,106,687"
175,3,2,0,1,1,0,"21,048",10.46,0,5.232,"10,527","303,058,944",245.077,0,122.585,0,15.48,"2,528,143","14,237","1,760,460"
411,2,4,0,1,0,1,"29,749",9.98,0,5.024,"14,913","40,268,800",233.831,0,117.712,1,19.26,"3,632,240","25,002","3,107,261"
175,3,2,0,1,1,0,"20,823",10.348,0,5.196,"10,433","303,058,944",242.453,0,121.742,0,14.66,"2,499,181","14,162","1,749,007"
411,2,4,0,1,0,1,"29,718",9.868,0.004,4.96,"14,948","40,268,800",231.206,0.093,116.212,1,19.24,"3,628,303","24,999","3,106,912"
175,3,2,0,1,1,0,"21,069",10.28,0,5.164,"10,795","303,058,944",240.859,0,120.992,0,14.99,"2,538,084","14,219","1,759,867"
175,3,2,0,1,1,0,"21,197",10.668,0,5.356,"10,711","303,058,944",249.951,0,125.491,0,15.71,"2,541,251","14,286","1,764,671"
175,3,2,0,1,1,0,"21,179",10.312,0,5.16,"10,626","303,058,944",241.609,0,120.898,0,15.2,"2,534,269","14,269","1,762,045"
175,3,2,0,1,1,0,"21,026",11.584,0,5.836,"10,793","303,058,944",271.412,0,136.737,0,16.51,"2,530,836","14,249","1,762,819"
175,3,2,0,1,1,0,"21,142",10.36,0,5.188,"10,821","303,058,944",242.733,0,121.554,0,15.01,"2,521,151","14,204","1,751,189"
175,3,2,0,1,1,0,"20,762",12.716,0,6.368,"10,384","303,058,944",297.935,0,149.202,0,17.59,"2,486,817","14,199","1,753,719"
175,3,2,0,1,1,0,"21,083",10.508,0,5.264,"10,577","303,058,944",246.201,0,123.335,0,15.57,"2,524,321","14,234","1,756,872"
175,3,2,0,1,1,0,"20,949",11.136,0,5.572,"10,495","303,058,944",260.915,0,130.551,0,15.94,"2,510,477","14,209","1,755,187"
175,3,2,0,1,1,0,"20,890",10.364,0,5.196,"10,493","303,058,944",242.828,0,121.742,0,15.24,"2,508,972","14,193","1,754,097"
175,3,2,0,1,1,0,"21,042",11.452,0,5.732,"10,596","303,058,944",268.319,0,134.3,1,16.49,"2,524,387","14,224","1,757,940"
175,3,2,0,1,1,0,"21,076",10.432,0,5.228,"10,586","303,058,944",244.421,0,122.492,0,14.94,"2,520,865","14,231","1,756,419"
175,3,2,0,1,1,0,"21,110",12.068,0,6.036,"10,765","303,058,944",282.752,0,141.423,0,17.11,"2,544,563","14,206","1,758,576"
5,2,6,0,1,1,1,"11,207",3.028,0,1.516,"5,713","41,450,496",70.945,0,35.519,1,7.42,"1,365,853","9,453","1,186,912"
175,3,2,0,1,1,0,"20,923",11.428,0,5.716,"10,463","303,058,944",267.757,0,133.925,1,16.11,"2,506,193","14,233","1,756,516"
5,2,6,0,1,1,1,"11,179",3.024,0,1.512,"5,751","41,450,496",70.852,0,35.426,1,7.41,"1,362,270","9,419","1,183,618"
0,1,0,0,0,0,0,39,0.004,0.012,0.004,15,0,0.093,0.281,0.093,0,0.01,827,4,64
5,2,6,0,1,1,1,"11,187",3.056,0,1.536,"5,731","41,450,496",71.601,0,35.988,0,7.4,"1,367,002","9,443","1,186,579"
460,8,5,0,0,0,1,"1,409",0.16,0.004,0.088,742,"583,680",3.747,0.093,2.061,1,0.42,"129,158",825,"99,773"
5,2,6,0,1,1,1,"11,141",3.004,0,1.508,"5,710","41,450,496",70.383,0,35.332,1,7.46,"1,361,268","9,447","1,186,012"
460,8,5,0,0,0,1,"1,407",0.16,0,0.084,740,"583,680",3.748,0,1.968,1,0.42,"129,135",831,"99,798"
5,2,6,0,1,1,1,"11,175",3.052,0,1.54,"5,716","41,450,496",71.508,0,36.082,0,7.46,"1,362,642","9,461","1,188,483"
460,8,5,0,0,0,1,"1,409",0.176,0,0.092,706,"583,680",4.123,0,2.155,0,0.45,"129,158",826,"99,619"
5,2,6,0,1,1,1,"11,174",3.024,0,1.516,"5,677","41,450,496",70.851,0,35.519,0,7.44,"1,362,187","9,430","1,184,940"
460,8,5,0,0,0,1,"1,448",0.176,0,0.088,742,"583,680",4.122,0,2.061,1,0.42,"129,158",829,"99,776"
5,2,6,0,1,1,1,"11,200",3.016,0,1.512,"5,730","41,450,496",70.664,0,35.426,1,7.44,"1,365,969","9,460","1,189,119"
460,8,5,0,0,0,1,"1,407",0.172,0,0.088,706,"583,680",4.029,0,2.061,1,0.44,"129,135",831,"99,798"
5,2,6,0,1,1,1,"11,154",3.064,0,1.536,"5,722","41,450,496",71.789,0,35.988,1,7.37,"1,359,751","9,441","1,186,430"
460,8,5,0,0,0,1,"1,409",0.172,0,0.092,742,"583,680",4.029,0,2.155,1,0.44,"129,158",826,"99,619"
5,2,6,0,1,1,1,"11,195",3.036,0,1.52,"5,707","41,450,496",71.132,0,35.613,0,7.44,"1,364,754","9,434","1,185,270"
460,8,5,0,0,0,1,"1,407",0.176,0,0.088,704,"583,680",4.122,0,2.061,1,0.43,"129,136",832,"99,798"
5,2,6,0,1,1,1,"11,171",3.028,0,1.524,"5,684","41,450,496",70.945,0,35.707,1,7.36,"1,361,877","9,458","1,187,971"
460,8,5,0,0,0,1,"1,409",0.168,0,0.088,706,"583,680",3.935,0,2.061,1,0.42,"129,158",829,"99,776"
5,2,6,0,1,1,1,"11,270",3.02,0,1.516,"5,730","41,450,496",70.757,0,35.519,1,7.43,"1,374,178","9,435","1,185,956"
460,8,5,0,0,0,1,"1,409",0.164,0,0.084,706,"583,680",3.842,0,1.968,0,0.44,"129,158",829,"99,776"
5,2,6,0,1,1,1,"11,227",3.02,0,1.512,"5,688","41,450,496",70.758,0,35.426,0,7.63,"1,368,411","9,440","1,186,397"
460,8,5,0,0,0,1,"1,447",0.168,0,0.092,741,"583,680",3.935,0,2.155,1,0.43,"129,067",829,"99,776"
5,2,6,0,1,1,1,"11,223",3.02,0,1.52,"5,716","41,450,496",70.758,0,35.613,1,7.52,"1,368,468","9,451","1,187,970"
460,8,5,0,0,0,1,"1,407",0.168,0,0.088,742,"583,680",3.935,0,2.061,1,0.44,"129,136",837,"99,957"
5,2,6,0,1,1,1,"11,193",3,0,1.5,"5,728","41,450,496",70.29,0,35.145,1,7.36,"1,368,512","9,442","1,187,052"
460,8,5,0,0,0,1,"1,448",0.168,0,0.084,742,"583,680",3.936,0,1.968,1,0.42,"129,158",824,"99,649"
5,2,6,0,1,1,1,"11,179",3.012,0,1.516,"5,720","41,450,496",70.57,0,35.519,1,7.36,"1,362,514","9,437","1,185,038"
411,2,4,0,1,0,1,"29,827",9.948,0,5.008,"14,985","40,268,800",233.081,0,117.337,1,19.14,"3,642,146","25,004","3,107,133"
5,2,6,0,1,1,1,"11,141",3.048,0,1.528,"5,654","41,450,496",71.414,0,35.801,1,7.44,"1,362,007","9,458","1,188,320"
411,2,4,0,1,0,1,"29,842",9.912,0.004,4.964,"15,006","40,268,800",232.237,0.093,116.306,1,19.03,"3,640,369","25,003","3,107,323"
5,2,6,0,1,1,1,"11,217",3.032,0,1.516,"5,732","41,450,496",71.038,0,35.519,1,7.41,"1,368,365","9,446","1,187,798"
411,2,4,0,1,0,1,"29,784",9.844,0,4.944,"14,940","40,268,800",230.644,0,115.837,1,18.96,"3,633,255","25,004","3,107,284"
2,2,2,0,0,1,0,"11,423",3.256,0,1.636,"5,712","87,584,768",76.287,0,38.331,0,7.26,"1,400,876","9,743","1,253,257"
411,2,4,0,1,0,1,"29,783",10.024,0,5.024,"14,987","40,268,800",234.862,0,117.712,1,19.3,"3,636,432","25,001","3,107,167"
2,2,2,0,0,1,0,"11,399",4.16,0,2.084,"5,715","87,584,768",97.468,0,48.828,1,7.82,"1,400,910","9,735","1,251,831"
411,2,4,0,1,0,1,"29,745",9.972,0.004,4.992,"14,976","40,268,800",233.643,0.093,116.962,0,19.33,"3,631,606","25,002","3,107,277"
2,2,2,0,0,1,0,"11,402",3.216,0,1.62,"5,712","87,584,768",75.35,0,37.956,1,7.44,"1,401,420","9,734","1,251,831"
411,2,4,0,1,0,1,"29,752",9.892,0,4.948,"14,977","40,268,800",231.768,0,115.931,0,19.21,"3,636,051","25,000","3,107,054"
2,2,2,0,0,1,0,"11,350",3.288,0,1.648,"5,686","87,584,768",77.037,0,38.612,1,7.52,"1,397,819","9,740","1,252,273"
411,2,4,0,1,0,1,"29,786",9.932,0,4.976,"14,950","40,268,800",232.706,0,116.587,1,19.04,"3,640,369","25,003","3,107,291"
2,2,2,0,0,1,0,"11,395",3.948,0,1.988,"5,714","87,584,768",92.5,0,46.578,0,7.72,"1,400,655","9,740","1,252,720"
411,2,4,0,1,0,1,"29,695",10,0,5.016,"14,914","40,268,800",234.299,0,117.524,1,19.38,"3,625,256","25,006","3,107,642"
2,2,2,0,0,1,0,"11,374",3.508,0,1.756,"5,689","87,584,768",82.192,0,41.143,0,7.88,"1,397,343","9,740","1,251,990"
411,2,4,0,1,0,1,"29,793",9.96,0,4.996,"14,957","40,268,800",233.362,0,117.056,1,19.19,"3,641,258","25,002","3,107,386"
2,2,2,0,0,1,0,"11,365",4.024,0,2.012,"5,700","87,584,768",94.282,0,47.141,1,7.74,"1,400,662","9,732","1,252,243"
411,2,4,0,1,0,1,"29,824",9.912,0,4.988,"15,006","40,268,800",232.237,0,116.868,1,19.1,"3,641,765","24,994","3,106,530"
2,2,2,0,0,1,0,"11,408",4.04,0,2.036,"5,708","87,584,768",94.656,0,47.703,0,8,"1,403,075","9,740","1,253,450"
411,2,4,0,1,0,1,"29,793",10.116,0,5.076,"14,957","40,268,800",237.017,0,118.93,1,19.44,"3,641,258","24,995","3,106,434"
2,2,2,0,0,1,0,"11,403",3.976,0,2.008,"5,713","87,584,768",93.157,0,47.047,1,8.23,"1,401,546","9,736","1,252,085"
411,2,4,0,1,0,1,"29,755",10.004,0,5.024,"15,005","40,268,800",234.393,0,117.712,1,19.38,"3,632,876","25,005","3,107,769"
2,2,2,0,0,1,0,"11,404",3.764,0,1.884,"5,703","87,584,768",88.19,0,44.142,0,8.03,"1,402,955","9,742","1,254,117"
"37,967",8,4,0,1,1,1,"11,455",2.452,0,1.28,"5,973","23,892,992",57.449,0,29.99,1,7.11,"1,494,325","9,448","1,225,985"
2,2,2,0,0,1,0,"11,416",3.208,0,1.612,"5,715","87,584,768",75.163,0,37.769,1,7.34,"1,403,963","9,734","1,252,593"
"37,967",8,4,0,1,1,1,"11,933",2.544,0,1.28,"5,976","23,892,992",59.605,0,29.99,0,7.2,"1,493,815","9,409","1,220,682"
2,2,2,0,0,1,0,"11,389",3.22,0,1.612,"5,712","87,584,768",75.444,0,37.769,1,7.37,"1,400,408","9,740","1,253,228"
"37,967",8,4,0,1,1,1,"11,434",2.476,0,1.304,"5,955","23,892,992",58.011,0,30.552,1,7.1,"1,491,649","9,452","1,226,487"
2,2,2,0,0,1,0,"11,418",3.868,0,1.94,"5,728","87,584,768",90.627,0,45.454,0,8.15,"1,403,965","9,737","1,252,720"
"37,967",8,4,0,1,1,1,"11,937",3.008,0,1.512,"5,977","23,892,992",70.477,0,35.426,0,7.49,"1,494,707","9,429","1,223,762"
2,2,2,0,0,1,0,"11,390",3.548,0,1.776,"5,713","87,584,768",83.128,0,41.611,1,7.85,"1,400,664","9,742","1,253,609"
"37,967",8,4,0,1,1,1,"11,440",2.292,0,1.184,"5,972","23,892,992",53.701,0,27.741,0,7.01,"1,492,164","9,423","1,222,653"
2,2,2,0,0,1,0,"11,389",3.264,0,1.64,"5,713","87,584,768",76.475,0,38.425,1,7.29,"1,400,537","9,739","1,253,228"
2,3,1,0,1,1,0,"8,277",1.528,0.052,0.772,"4,162","1,305,088",35.8,1.218,18.087,1,4.91,"1,031,799","8,175","1,020,552"
2,2,2,0,0,1,0,"11,418",3.252,0.004,1.628,"5,728","87,584,768",76.194,0.093,38.144,1,7.4,"1,403,575","9,735","1,252,275"
2,3,1,0,1,1,0,"8,282",1.536,0.048,0.772,"4,162","1,305,088",35.987,1.124,18.087,1,4.84,"1,031,799","8,185","1,020,872"
2,2,2,0,0,1,0,"11,396",3.288,0,1.652,"5,708","87,584,768",77.037,0,38.706,0,7.75,"1,401,096","9,746","1,253,794"
2,3,1,0,1,1,0,"8,282",1.668,0,0.836,"4,162","1,305,088",39.08,0,19.587,1,4.83,"1,031,799","8,188","1,020,968"
175,3,2,0,1,1,0,"21,010",10.532,0,5.28,"10,679","303,058,944",246.764,0,123.71,1,15.22,"2,521,388","14,243","1,760,002"
2,3,1,0,1,1,0,"8,282",1.564,0,0.788,"4,162","1,305,088",36.643,0,18.462,1,4.81,"1,031,799","8,184","1,020,840"
175,3,2,0,1,1,0,"20,919",10.408,0,5.212,"10,514","303,058,944",243.859,0,122.117,0,15.1,"2,508,611","14,173","1,751,622"
2,3,1,0,1,1,0,"8,282",1.544,0,0.78,"4,162","1,305,088",36.175,0,18.275,1,4.85,"1,031,799","8,184","1,020,840"
175,3,2,0,1,1,0,"20,910",10.356,0,5.184,"10,456","303,058,944",242.64,0,121.461,1,15.47,"2,505,987","14,248","1,760,826"
2,3,1,0,1,1,0,"8,282",1.536,0,0.776,"4,162","1,305,088",35.987,0,18.181,1,4.88,"1,031,799","8,188","1,020,968"
175,3,2,0,1,1,0,"20,944",10.364,0,5.184,"10,508","303,058,944",242.828,0,121.461,1,15.26,"2,498,284","14,178","1,746,687"
2,3,1,0,1,1,0,"8,276",1.524,0,0.764,"4,161","1,305,088",35.706,0,17.9,1,4.81,"1,031,672","8,175","1,020,362"
175,3,2,0,1,1,0,"21,156",10.664,0,5.348,"10,780","303,058,944",249.856,0,125.303,0,15.98,"2,548,546","14,249","1,764,218"
2,3,1,0,1,1,0,"8,282",1.54,0,0.772,"4,162","1,305,088",36.081,0,18.087,1,4.82,"1,031,799","8,176","1,020,584"
175,3,2,0,1,1,0,"20,989",10.472,0,5.236,"10,714","303,058,944",245.358,0,122.679,1,15.83,"2,511,205","14,208","1,754,642"
2,3,1,0,1,1,0,"8,277",1.524,0,0.768,"4,162","1,305,088",35.707,0,17.994,1,4.82,"1,031,799","8,186","1,020,904"
175,3,2,0,1,1,0,"21,116",10.624,0,5.332,"10,629","303,058,944",248.919,0,124.928,1,15.9,"2,525,136","14,252","1,759,562"
2,3,1,0,1,1,0,"8,282",1.528,0,0.768,"4,162","1,305,088",35.8,0,17.994,1,4.81,"1,031,799","8,179","1,020,680"
175,3,2,0,1,1,0,"20,875",10.376,0,5.196,"10,523","303,058,944",243.109,0,121.742,0,15.4,"2,498,885","14,178","1,750,452"
2,3,1,0,1,1,0,"8,277",1.552,0,0.788,"4,162","1,305,088",36.362,0,18.462,1,4.83,"1,031,799","8,181","1,020,744"
5,2,1,0,1,0,1,"8,200",1.7,0,0.868,"4,102","1,683,456",39.83,0,20.337,0,5.48,"1,031,404","7,985","1,013,938"
2,3,1,0,1,1,0,"8,282",1.528,0,0.768,"4,162","1,305,088",35.8,0,17.994,1,4.81,"1,031,799","8,184","1,020,840"
5,2,1,0,1,0,1,"8,234",1.756,0,0.9,"4,132","1,683,456",41.143,0,21.087,0,5.48,"1,031,404","7,985","1,013,938"
2,3,1,0,1,1,0,"8,282",1.552,0,0.776,"4,162","1,305,088",36.362,0,18.181,1,4.82,"1,031,799","8,180","1,020,712"
5,2,1,0,1,0,1,"8,234",1.712,0,0.876,"4,132","1,683,456",40.111,0,20.524,0,5.45,"1,031,404","7,985","1,013,938"
2,3,1,0,1,1,0,"8,249",1.54,0,0.772,"4,134","1,305,088",36.081,0,18.087,1,4.8,"1,031,799","8,181","1,020,744"
5,2,1,0,1,0,1,"8,234",1.732,0,0.884,"4,132","1,683,456",40.58,0,20.712,0,5.46,"1,031,404","7,985","1,013,938"
2,3,1,0,1,1,0,"8,282",1.552,0,0.776,"4,162","1,305,088",36.362,0,18.181,1,4.85,"1,031,799","8,184","1,020,840"
5,2,1,0,1,0,1,"8,200",1.728,0,0.892,"4,102","1,683,456",40.486,0,20.899,0,5.46,"1,031,404","7,985","1,013,938"
2,3,1,0,1,1,0,"8,282",1.544,0,0.772,"4,162","1,305,088",36.174,0,18.087,1,4.79,"1,031,799","8,180","1,020,712"
5,2,1,0,1,0,1,"8,234",1.744,0,0.9,"4,132","1,683,456",40.861,0,21.087,0,5.45,"1,031,404","7,985","1,013,938"
2,3,1,0,1,1,0,"8,277",1.568,0,0.8,"4,162","1,305,088",36.738,0,18.744,1,4.79,"1,031,799","8,180","1,020,712"
5,2,1,0,1,0,1,"8,234",1.7,0,0.86,"4,132","1,683,456",39.83,0,20.149,0,5.43,"1,031,404","7,985","1,013,938"
411,2,4,0,1,0,1,"29,756",9.956,0,4.988,"14,941","40,268,800",233.268,0,116.868,1,19.15,"3,633,129","25,000","3,106,815"
5,2,1,0,1,0,1,"8,234",1.704,0,0.86,"4,132","1,683,456",39.923,0,20.149,0,5.47,"1,031,404","7,985","1,013,938"
411,2,4,0,1,0,1,"29,792",9.964,0,5,"15,001","40,268,800",233.456,0,117.15,1,19.19,"3,637,575","24,998","3,107,103"
5,2,1,0,1,0,1,"8,200",1.688,0,0.856,"4,102","1,683,456",39.549,0,20.056,0,5.43,"1,031,404","7,985","1,013,938"
411,2,4,0,1,0,1,"29,670",10.02,0,5.032,"14,885","40,268,800",234.767,0,117.899,1,19.1,"3,625,763","25,003","3,107,295"
5,2,1,0,1,0,1,"8,234",1.696,0,0.856,"4,130","1,683,456",39.737,0,20.056,0,5.44,"1,031,404","7,985","1,013,938"
411,2,4,0,1,0,1,"29,765",9.92,0,4.988,"14,950","40,268,800",232.424,0,116.868,1,19.07,"3,637,702","24,988","3,106,023"
5,2,1,0,1,0,1,"8,200",1.704,0,0.86,"4,102","1,683,456",39.923,0,20.149,0,5.45,"1,031,404","7,985","1,013,938"
411,2,4,0,1,0,1,"29,748",9.956,0,4.988,"14,940","40,268,800",233.268,0,116.868,1,19.22,"3,632,113","25,002","3,107,189"
5,2,1,0,1,0,1,"8,234",1.716,0,0.868,"4,132","1,683,456",40.205,0,20.337,0,5.45,"1,031,404","7,985","1,013,938"
411,2,4,0,1,0,1,"29,797",9.908,0.004,4.968,"15,001","40,268,800",232.144,0.093,116.4,1,19.24,"3,638,210","25,004","3,107,546"
5,2,1,0,1,0,1,"8,200",1.716,0,0.884,"4,130","1,683,456",40.205,0,20.712,0,5.49,"1,031,404","7,985","1,013,938"
411,2,4,0,1,0,1,"29,832",9.928,0,4.996,"15,015","40,268,800",232.612,0,117.056,1,19.04,"3,642,907","24,993","3,106,061"
5,2,1,0,1,0,1,"8,200",1.68,0,0.852,"4,102","1,683,456",39.362,0,19.962,0,5.45,"1,031,404","7,985","1,013,938"
2,3,1,0,1,1,0,"8,277",1.736,0,0.88,"4,162","1,305,088",40.674,0,20.618,1,5.02,"1,031,799","8,181","1,020,744"
5,2,1,0,1,0,1,"8,200",1.696,0,0.868,"4,130","1,683,456",39.737,0,20.337,0,5.5,"1,031,404","7,985","1,013,938"
2,3,1,0,1,1,0,"8,282",1.56,0,0.792,"4,162","1,305,088",36.55,0,18.556,1,4.86,"1,031,799","8,184","1,020,840"
5,2,1,0,1,0,1,"8,200",1.688,0,0.856,"4,130","1,683,456",39.549,0,20.056,0,5.46,"1,031,404","7,985","1,013,938"
2,3,1,0,1,1,0,"8,282",1.568,0,0.784,"4,162","1,305,088",36.738,0,18.369,1,4.81,"1,031,799","8,175","1,020,491"
5,2,1,0,1,0,1,"8,234",1.728,0,0.872,"4,130","1,683,456",40.486,0,20.43,0,5.49,"1,031,404","7,985","1,013,938"
2,3,1,0,1,1,0,"8,282",1.548,0,0.788,"4,162","1,305,088",36.268,0,18.462,1,4.84,"1,031,799","8,174","1,020,459"
5,2,1,0,1,0,1,"8,234",1.688,0,0.856,"4,130","1,683,456",39.549,0,20.056,0,5.44,"1,031,404","7,985","1,013,938"
2,3,1,0,1,1,0,"8,282",1.544,0,0.78,"4,162","1,305,088",36.175,0,18.275,1,4.82,"1,031,799","8,173","1,020,427"
5,2,6,0,1,1,1,"11,150",3.076,0.196,1.544,"5,688","41,450,496",72.069,4.592,36.175,1,7.5,"1,358,963","9,463","1,188,474"
2,3,1,0,1,1,0,"8,282",1.548,0,0.784,"4,162","1,305,088",36.269,0,18.369,1,4.8,"1,031,799","8,174","1,020,459"
5,2,6,0,1,1,1,"11,161",3.06,0.176,1.532,"5,661","41,450,496",71.695,4.123,35.894,0,7.51,"1,360,862","9,460","1,188,527"
2,3,1,0,1,1,0,"8,282",1.54,0,0.772,"4,162","1,305,088",36.081,0,18.087,1,4.82,"1,031,799","8,174","1,020,459"
5,2,6,0,1,1,1,"11,207",3.032,0,1.52,"5,700","41,450,496",71.039,0,35.613,1,7.31,"1,366,478","9,450","1,187,238"
2,3,1,0,1,1,0,"8,282",1.552,0,0.784,"4,162","1,305,088",36.363,0,18.369,1,4.82,"1,031,799","8,176","1,020,523"
411,2,4,0,1,0,1,"29,767",9.964,0,5.02,"15,017","40,268,800",233.455,0,117.618,1,19.23,"3,634,526","25,000","3,106,975"
2,3,1,0,1,1,0,"8,277",1.536,0,0.772,"4,162","1,305,088",35.987,0,18.087,1,4.8,"1,031,799","8,178","1,020,648"
7,3,2,0,1,1,1,"3,873",2.952,0,1.484,"1,939","3,003,392",69.165,0,34.77,1,3.48,"509,006","2,613","380,922"
2,3,1,0,1,1,0,"8,282",1.552,0,0.78,"4,162","1,305,088",36.362,0,18.275,1,4.83,"1,031,799","8,181","1,020,744"
7,3,2,0,1,1,1,"3,834",2.952,0,1.48,"1,938","3,003,392",69.164,0,34.676,0,3.43,"504,711","2,636","384,456"
2,3,1,0,1,1,0,"8,282",1.532,0,0.772,"4,162","1,305,088",35.893,0,18.087,1,4.82,"1,031,799","8,180","1,020,712"
7,3,2,0,1,1,1,"3,841",2.98,0,1.492,"1,924","3,003,392",69.82,0,34.957,1,3.59,"502,611","2,652","386,336"
2,3,1,0,1,1,0,"8,277",1.56,0,0.784,"4,162","1,305,088",36.55,0,18.369,0,4.83,"1,031,799","8,181","1,020,744"
7,3,2,0,1,1,1,"3,903",2.924,0,1.468,"1,986","3,003,392",68.509,0,34.395,1,3.41,"510,067","2,613","382,230"
2,3,1,0,1,1,0,"8,282",1.576,0,0.796,"4,162","1,305,088",36.925,0,18.65,1,4.8,"1,031,799","8,174","1,020,459"
7,3,2,0,1,1,1,"3,868",2.92,0,1.464,"1,951","3,003,392",68.415,0,34.301,1,3.46,"505,412","2,635","384,570"
42,2,2,1,1,0,0,"4,068",4.364,0.06,2.2,"2,070","36,841,472",102.248,1.405,51.546,1,4.95,"515,109","2,553","343,963"
7,3,2,0,1,1,1,"3,915",2.912,0,1.46,"1,970","3,003,392",68.227,0,34.207,0,3.31,"511,244","2,577","377,401"
42,2,2,1,1,0,0,"4,106",4.336,0.06,2.18,"2,069","36,841,472",101.592,1.405,51.077,1,4.91,"513,649","2,602","349,394"
7,3,2,0,1,1,1,"3,850",2.924,0,1.464,"1,933","3,003,392",68.508,0,34.301,1,3.45,"503,446","2,676","389,803"
42,2,2,1,1,0,0,"4,108",4.34,0,2.188,"2,060","36,841,472",101.685,0,51.264,0,4.98,"513,381","2,611","350,440"
7,3,2,0,1,1,1,"3,817",2.976,0,1.488,"1,938","3,003,392",69.726,0,34.863,1,3.5,"503,077","2,675","389,435"
42,2,2,1,1,0,0,"4,020",4.344,0,2.18,"2,028","36,841,472",101.779,0,51.077,1,4.93,"508,446","2,594","349,390"
7,3,2,0,1,1,1,"3,845",2.976,0,1.5,"1,966","3,003,392",69.727,0,35.145,1,3.48,"503,065","2,675","389,429"
42,2,2,1,1,0,0,"4,021",4.352,0,2.18,"2,028","36,841,472",101.966,0,51.077,0,4.94,"508,316","2,594","349,231"
7,3,2,0,1,1,1,"3,867",3.304,0,1.656,"1,966","3,003,392",77.412,0,38.8,0,3.67,"504,959","2,637","384,557"
42,2,2,1,1,0,0,"4,028",4.264,0,2.148,"2,028","36,841,472",99.904,0,50.327,1,4.88,"509,243","2,607","350,566"
7,3,2,0,1,1,1,"3,845",3.008,0,1.508,"1,966","3,003,392",70.477,0,35.332,1,3.51,"503,059","2,674","389,388"
42,2,2,1,1,0,0,"4,059",4.404,0,2.212,"2,046","36,841,472",103.185,0,51.827,1,5.21,"507,827","2,601","349,710"
7,3,2,0,1,1,1,"3,862",2.928,0,1.468,"1,945","3,003,392",68.602,0,34.395,0,3.37,"504,988","2,638","384,555"
42,2,2,1,1,0,0,"4,013",4.268,0,2.156,"2,014","36,841,472",99.999,0,50.515,1,4.85,"508,197","2,599","349,964"
7,3,2,0,1,1,1,"3,864",2.972,0,1.504,"1,945","3,003,392",69.633,0,35.238,1,3.43,"504,366","2,636","383,358"
42,2,2,1,1,0,0,"4,013",4.348,0,2.196,"2,018","36,841,472",101.873,0,51.452,1,4.93,"507,347","2,610","350,251"
7,3,2,0,1,1,1,"3,861",2.944,0,1.476,"1,933","3,003,392",68.977,0,34.582,0,3.34,"504,679","2,637","384,051"
42,2,2,1,1,0,0,"4,002",4.312,0,2.156,"2,010","36,841,472",101.03,0,50.515,1,4.94,"505,394","2,609","349,711"
7,3,2,0,1,1,1,"3,850",3.004,0,1.504,"1,933","3,003,392",70.383,0,35.238,0,3.54,"503,073","2,674","389,361"
42,2,2,1,1,0,0,"4,081",4.412,0,2.232,"2,051","36,841,472",103.372,0,52.295,1,5.01,"518,798","2,611","352,571"
7,3,2,0,1,1,1,"3,845",2.908,0,1.456,"1,928","3,003,392",68.134,0,34.114,0,3.5,"503,194","2,674","389,491"
42,2,2,1,1,0,0,"4,003",4.32,0,2.172,"2,037","36,841,472",101.216,0,50.889,1,4.94,"505,392","2,610","349,711"
7,3,2,0,1,1,1,"3,868",2.952,0,1.476,"1,966","3,003,392",69.164,0,34.582,1,3.41,"505,417","2,633","384,447"
1,1,2,0,1,1,1,"7,281",1.684,0,0.852,"3,657","5,443,072",39.455,0,19.962,1,4.15,"898,960","6,914","870,390"
7,3,2,0,1,1,1,"3,850",2.92,0,1.46,"1,966","3,003,392",68.414,0,34.207,1,3.36,"503,063","2,674","389,386"
1,1,2,0,1,1,1,"7,293",1.68,0,0.852,"3,665","5,443,072",39.362,0,19.962,1,4.14,"899,722","6,914","870,390"
7,3,2,0,1,1,1,"3,867",2.948,0,1.476,"1,966","3,003,392",69.07,0,34.582,1,3.3,"504,974","2,636","384,524"
186,2,1,0,0,0,1,"9,804",2.256,0.084,1.132,"4,998","28,292,096",52.857,1.968,26.522,1,5.32,"1,158,396","8,400","1,044,080"
7,3,2,0,1,1,1,"3,850",2.968,0,1.488,"1,966","3,003,392",69.539,0,34.863,1,3.5,"503,103","2,675","389,427"
186,2,1,0,0,0,1,"9,826",2.232,0.084,1.124,"4,958","28,292,096",52.295,1.968,26.335,0,5.3,"1,160,313","8,388","1,043,377"
7,3,2,0,1,1,1,"3,862",2.924,0,1.464,"1,945","3,003,392",68.508,0,34.301,1,3.45,"504,961","2,637","384,523"
186,2,1,0,0,0,1,"9,821",2.252,0,1.136,"4,958","28,292,096",52.763,0,26.616,0,5.27,"1,159,678","8,381","1,042,390"
7,3,2,0,1,1,1,"3,865",2.944,0,1.48,"1,950","3,003,392",68.977,0,34.676,0,3.43,"504,083","2,602","379,365"
186,2,1,0,0,0,1,"9,857",2.296,0,1.16,"4,996","28,292,096",53.794,0,27.178,1,5.23,"1,159,682","8,376","1,042,358"
7,3,2,0,1,1,1,"3,840",2.952,0,1.48,"1,928","3,003,392",69.164,0,34.676,1,3.54,"501,819","2,650","385,322"
186,2,1,0,0,0,1,"9,750",2.264,0,1.132,"4,929","28,292,096",53.044,0,26.522,1,5.28,"1,152,052","8,386","1,043,453"
7,3,2,0,1,1,1,"3,864",2.972,0,1.492,"1,945","3,003,392",69.633,0,34.957,0,3.44,"504,740","2,631","383,453"
186,2,1,0,0,0,1,"9,821",2.256,0,1.132,"4,998","28,292,096",52.857,0,26.522,1,5.4,"1,159,678","8,380","1,042,358"
7,3,2,0,1,1,1,"3,845",2.948,0,1.476,"1,928","3,003,392",69.07,0,34.582,1,3.56,"503,480","2,676","389,818"
186,2,1,0,0,0,1,"9,821",2.276,0,1.14,"4,998","28,292,096",53.326,0,26.71,1,5.35,"1,159,678","8,380","1,042,358"
7,3,2,0,1,1,1,"3,862",3.032,0,1.52,"1,966","3,003,392",71.039,0,35.613,1,3.48,"504,974","2,637","384,552"
186,2,1,0,0,0,1,"9,819",2.256,0,1.128,"4,996","28,292,096",52.858,0,26.429,1,5.16,"1,159,680","8,378","1,042,358"
7,3,2,0,1,1,1,"3,867",2.928,0,1.468,"1,966","3,003,392",68.602,0,34.395,1,3.29,"504,981","2,636","384,521"
186,2,1,0,0,0,1,"9,821",2.272,0,1.14,"4,998","28,292,096",53.232,0,26.71,1,5.46,"1,159,678","8,380","1,042,358"
7,3,2,0,1,1,1,"3,850",3.02,0,1.516,"1,966","3,003,392",70.757,0,35.519,1,3.4,"503,071","2,674","389,384"
186,2,1,0,0,0,1,"9,821",2.272,0,1.14,"4,998","28,292,096",53.232,0,26.71,0,5.28,"1,159,678","8,381","1,042,485"
7,3,2,0,1,1,1,"3,845",2.944,0,1.48,"1,966","3,003,392",68.977,0,34.676,1,3.41,"503,073","2,674","389,397"
186,2,1,0,0,0,1,"9,781",2.26,0,1.132,"4,958","28,292,096",52.951,0,26.522,1,5.28,"1,159,678","8,380","1,042,358"
0,1,0,0,0,0,0,39,0,0.016,0,15,0,0,0.374,0, ?,0.01,827,4,64
186,2,1,0,0,0,1,"9,817",2.304,0,1.152,"4,956","28,292,096",53.982,0,26.991,1,5.28,"1,159,682","8,376","1,042,358"
460,8,5,0,0,0,1,"1,409",0.192,0.104,0.1,742,"583,680",4.498,2.436,2.343,0,0.48,"129,158",823,"99,523"
186,2,1,0,0,0,1,"9,819",2.26,0,1.136,"4,998","28,292,096",52.951,0,26.616,0,5.32,"1,159,680","8,378","1,042,358"
460,8,5,0,0,0,1,"1,447",0.168,0.096,0.092,742,"583,680",3.935,2.249,2.155,1,0.43,"129,137",822,"99,513"
186,2,1,0,0,0,1,"9,821",2.248,0,1.128,"4,958","28,292,096",52.67,0,26.429,1,5.27,"1,159,678","8,380","1,042,358"
460,8,5,0,0,0,1,"1,409",0.164,0,0.084,706,"583,680",3.842,0,1.968,1,0.44,"129,158",829,"99,776"
186,2,1,0,0,0,1,"9,819",2.244,0,1.132,"4,998","28,292,096",52.576,0,26.522,1,5.34,"1,159,680","8,379","1,042,485"
0,1,0,0,0,0,0,41,0.008,0.028,0.004,15,0,0.186,0.656,0.093,1,0.02,890,4,65
186,2,1,0,0,0,1,"9,817",2.276,0,1.144,"4,996","28,292,096",53.325,0,26.803,1,5.18,"1,159,682","8,377","1,042,485"
7,3,2,0,1,1,1,"3,816",2.948,0,1.48,"1,927","3,003,392",69.071,0,34.676,1,3.51,"502,725","2,674","388,960"
186,2,1,0,0,0,1,"9,751",2.26,0,1.136,"4,928","28,292,096",52.951,0,26.616,1,5.19,"1,152,109","8,385","1,042,977"
4,4,4,0,0,1,0,"17,551",8.296,0,4.152,"8,825","83,591,168",194.374,0,97.281,1,10.87,"2,165,394","10,714","1,348,276"
186,2,1,0,0,0,1,"9,770",2.264,0.004,1.132,"4,910","28,292,096",53.044,0.093,26.522,1,5.25,"1,154,406","8,393","1,044,489"
4,4,4,0,0,1,0,"17,472",6.236,0,3.12,"8,781","83,591,168",146.108,0,73.101,0,9.26,"2,158,231","10,683","1,346,209"
186,2,1,0,0,0,1,"9,757",2.272,0,1.14,"4,934","28,292,096",53.232,0,26.71,1,5.39,"1,152,503","8,387","1,043,981"
4,4,4,0,0,1,0,"17,550",5.784,0,2.892,"8,861","83,591,168",135.518,0,67.759,1,8.6,"2,165,315","10,723","1,348,448"
186,2,1,0,0,0,1,"9,764",2.268,0,1.14,"4,896","28,292,096",53.139,0,26.71,1,5.27,"1,153,136","8,396","1,044,873"
4,4,4,0,0,1,0,"17,530",5.948,0,2.98,"8,890","83,591,168",139.361,0,69.821,1,8.76,"2,166,236","10,741","1,353,082"
186,2,1,0,0,0,1,"9,763",2.272,0,1.152,"4,896","28,292,096",53.232,0,26.991,1,5.32,"1,152,845","8,392","1,044,169"
4,4,4,0,0,1,0,"17,549",6.412,0,3.212,"8,834","83,591,168",150.233,0,75.257,1,9.24,"2,168,023","10,705","1,349,535"
186,2,1,0,0,0,1,"9,759",2.268,0,1.148,"4,936","28,292,096",53.138,0,26.897,1,5.19,"1,152,501","8,389","1,043,981"
4,4,4,0,0,1,0,"17,498",5.716,0,2.876,"8,822","83,591,168",133.925,0,67.384,1,8.43,"2,160,507","10,724","1,349,843"
186,2,1,0,0,0,1,"9,788",2.268,0,1.136,"4,909","28,292,096",53.138,0,26.616,0,5.5,"1,157,333","8,401","1,045,316"
4,4,4,0,0,1,0,"17,538",5.748,0,2.876,"8,885","83,591,168",134.674,0,67.384,1,8.56,"2,165,396","10,732","1,350,606"
186,2,1,0,0,0,1,"9,790",2.284,0,1.148,"4,927","28,292,096",53.513,0,26.897,1,5.32,"1,156,077","8,395","1,045,749"
4,4,4,0,0,1,0,"17,561",5.772,0,2.896,"8,884","83,591,168",135.237,0,67.853,1,8.42,"2,170,308","10,735","1,353,112"
186,2,1,0,0,0,1,"9,802",2.276,0,1.144,"4,934","28,292,096",53.325,0,26.803,1,5.28,"1,153,138","8,394","1,044,873"
4,4,4,0,0,1,0,"17,571",5.744,0,2.892,"8,884","83,591,168",134.581,0,67.759,1,8.39,"2,171,523","10,712","1,351,091"
186,2,1,0,0,0,1,"9,764",2.252,0,1.132,"4,936","28,292,096",52.763,0,26.522,1,5.16,"1,153,136","8,397","1,044,905"
4,4,4,0,0,1,0,"17,565",6.568,0,3.284,"8,875","83,591,168",153.888,0,76.944,1,9.2,"2,170,175","10,724","1,350,985"
186,2,1,0,0,0,1,"9,821",2.276,0,1.144,"4,998","28,292,096",53.325,0,26.803,0,5.26,"1,159,678","8,380","1,042,358"
4,4,4,0,0,1,0,"17,531",6.828,0,3.424,"8,856","83,591,168",159.979,0,80.224,0,9.45,"2,166,301","10,729","1,352,000"
186,2,1,0,0,0,1,"9,819",2.244,0,1.124,"4,996","28,292,096",52.576,0,26.335,0,5.3,"1,159,680","8,378","1,042,358"
2,2,2,0,0,1,0,"11,378",3.332,0.304,1.668,"5,702","87,584,768",78.068,7.122,39.081,1,7.35,"1,399,005","9,748","1,253,577"
186,2,1,0,0,0,1,"9,749",2.284,0.004,1.152,"4,921","28,292,096",53.513,0.093,26.991,1,5.3,"1,151,387","8,383","1,042,938"
2,2,2,0,0,1,0,"11,342",3.32,0.324,1.664,"5,683","87,584,768",77.787,7.591,38.987,0,7.32,"1,397,221","9,740","1,252,371"
186,2,1,0,0,0,1,"9,804",2.272,0,1.14,"4,958","28,292,096",53.232,0,26.71,1,5.32,"1,158,396","8,398","1,044,016"
2,2,2,0,0,1,0,"11,365",4.06,0,2.036,"5,712","87,584,768",95.125,0,47.703,1,7.85,"1,400,530","9,739","1,252,720"
411,2,4,0,1,0,1,"29,783",10.292,0.1,5.184,"15,006","40,268,800",241.141,2.343,121.461,1,19.34,"3,636,178","24,987","3,106,684"
2,2,2,0,0,1,0,"11,364",3.228,0,1.62,"5,683","87,584,768",75.631,0,37.956,0,7.39,"1,400,274","9,737","1,252,339"
411,2,4,0,1,0,1,"29,825",9.836,0.096,4.932,"15,017","40,268,800",230.456,2.249,115.556,1,19.05,"3,641,892","24,999","3,106,561"
411,2,4,0,1,0,1,"29,824",9.964,0.004,4.984,"15,016","40,268,800",233.456,0.093,116.775,1,19.22,"3,641,765","24,993","3,106,213"
411,2,4,0,1,0,1,"29,799",9.952,0,4.992,"14,957","40,268,800",233.174,0,116.962,1,19.1,"3,642,020","24,995","3,106,371"
57,6,3,0,1,1,1,"19,339",8.224,0,4.116,"9,688","264,263,680",192.687,0,96.437,1,11.72,"2,533,663","16,304","2,184,299"
1,1,2,0,1,1,1,"7,282",1.68,0.112,0.856,"3,665","5,443,072",39.362,2.624,20.056,1,4.19,"899,215","6,919","870,518"
1,1,2,0,1,1,1,"7,285",1.664,0.096,0.84,"3,661","5,443,072",38.987,2.249,19.681,0,4.1,"899,214","6,915","870,390"
1,1,2,0,1,1,1,"7,285",1.7,0,0.864,"3,661","5,443,072",39.83,0,20.243,1,4.16,"899,214","6,914","870,390"
1,1,2,0,1,1,1,"7,230",1.708,0,0.864,"3,624","5,443,072",40.017,0,20.243,1,4.05,"899,214","6,914","870,390"
1,1,2,0,1,1,1,"7,282",1.688,0,0.852,"3,661","5,443,072",39.549,0,19.962,1,4.14,"899,214","6,914","870,390"
1,1,2,0,1,1,1,"7,257",1.68,0.004,0.84,"3,633","5,443,072",39.362,0.093,19.681,1,4.24,"899,214","6,914","870,390"
1,1,2,0,1,1,1,"7,258",1.68,0,0.852,"3,634","5,443,072",39.362,0,19.962,1,4.03,"899,214","6,914","870,390"
1,1,2,0,1,1,1,"7,247",1.66,0,0.848,"3,634","5,443,072",38.893,0,19.868,1,4.1,"899,214","6,914","870,390"
1,1,2,0,1,1,1,"7,282",1.648,0,0.832,"3,661","5,443,072",38.611,0,19.493,1,4.02,"899,214","6,914","870,390"
1,1,2,0,1,1,1,"7,258",1.664,0,0.844,"3,634","5,443,072",38.986,0,19.774,1,4.03,"899,214","6,914","870,390"
1,1,2,0,1,1,1,"7,247",1.668,0,0.836,"3,634","5,443,072",39.08,0,19.587,0,4.14,"899,214","6,914","870,390"
1,1,2,0,1,1,1,"7,258",1.66,0,0.836,"3,634","5,443,072",38.893,0,19.587,0,4.04,"899,214","6,914","870,390"
1,1,2,0,1,1,1,"7,247",1.648,0,0.828,"3,634","5,443,072",38.612,0,19.4,1,4.03,"899,214","6,914","870,390"
1,1,2,0,1,1,1,"7,299",1.676,0,0.848,"3,675","5,443,072",39.268,0,19.868,1,4.03,"900,303","6,924","871,060"
1,1,2,0,1,1,1,"7,285",1.684,0,0.86,"3,661","5,443,072",39.455,0,20.149,1,4.14,"899,214","6,914","870,390"
1,1,2,0,1,1,1,"7,285",1.704,0,0.864,"3,661","5,443,072",39.924,0,20.243,1,4.13,"899,214","6,914","870,390"
1,1,2,0,1,1,1,"7,285",1.656,0,0.832,"3,661","5,443,072",38.799,0,19.493,1,4.11,"899,214","6,914","870,390"
1,1,2,0,1,1,1,"7,258",1.668,0,0.836,"3,634","5,443,072",39.08,0,19.587,0,4.11,"899,214","6,914","870,390"
1,1,2,0,1,1,1,"7,247",1.688,0,0.844,"3,634","5,443,072",39.548,0,19.774,1,4.16,"899,214","6,914","870,390"
1,1,2,0,1,1,1,"7,285",1.688,0,0.848,"3,661","5,443,072",39.549,0,19.868,1,4.16,"899,214","6,914","870,390"
1,1,2,0,1,1,1,"7,258",1.644,0,0.84,"3,634","5,443,072",38.518,0,19.681,1,4.16,"899,214","6,914","870,390"
1,1,2,0,1,1,1,"7,258",1.68,0,0.852,"3,633","5,443,072",39.362,0,19.962,1,4.05,"899,558","6,916","870,546"
1,1,2,0,1,1,1,"7,258",1.676,0,0.852,"3,634","5,443,072",39.268,0,19.962,1,4.04,"899,214","6,914","870,390"
1,1,2,0,1,1,1,"7,258",1.672,0,0.844,"3,634","5,443,072",39.174,0,19.774,1,4.04,"899,214","6,914","870,390"
1,1,2,0,1,1,1,"7,282",1.688,0,0.852,"3,661","5,443,072",39.549,0,19.962,1,4.06,"899,214","6,914","870,390"
1,1,2,0,1,1,1,"7,258",1.7,0,0.864,"3,634","5,443,072",39.83,0,20.243,1,4.13,"899,214","6,914","870,390"
1,1,2,0,1,1,1,"7,285",1.68,0,0.856,"3,661","5,443,072",39.362,0,20.056,1,4.11,"899,214","6,914","870,390"
1,1,2,0,1,1,1,"7,254",1.708,0,0.868,"3,633","5,443,072",40.018,0,20.337,1,4.05,"899,214","6,914","870,390"